SKU SITO,NOTE,STATO,SKU AMAZON,COD ARTICOLO,NOME GESTIONALE,QTY GIACENZA,QTY VENDUTA,TIPO MATCH,SCORE,TITOLO AMAZON,PREZZO AMAZON,ASIN,URL AMAZON,DESCR. AMAZON
AMU419628,VARIANTE,✅ SU WOOCOMMERCE (codice NON unico),JZ-XT6G-ZZ4B,AMU419628,AMUCHINA SUPERFICI SPRAY PMC FLAC. ML.750 T/12,144,50,🟠 DEBOLE (46.4%),464,DISINFETTANTE SGRASSATORE USO PROFESSIONALE ATTIVO SUPERFICI SPRAY - FLACONE 750 ML CON SPRUZZINO - REG. 19194 MINSAN - CONFEZIONE DA 3 FLACONI,,0220HGFEPHO,https://www.amazon.it/dp/B0GPFBGPL1,DISINFETTANTE SGRASSATORE ATTIVO SUPERFICI SPRAY - FLACONE 750 ML CON SPRUZZINO - REG. 19194 MINSAN
AMU419628,,✅ SU WOOCOMMERCE (codice NON unico),1V-DO8I-3LBF,AMU419628,AMUCHINA SUPERFICI SPRAY PMC FLAC. ML.750 T/12,144,50,🟠 DEBOLE (46.4%),464,DISINFETTANTE SGRASSATORE USO PROFESSIONALE ATTIVO SUPERFICI SPRAY - FLACONE 750 ML CON SPRUZZINO - REG. 19194 MINSAN,999,0617FK2BOPF,https://www.amazon.it/dp/B0FDGNQWQF,DISINFETTANTE SGRASSATORE ATTIVO SUPERFICI SPRAY - FLACONE 750 ML CON SPRUZZINO - REG. 19194 MINSAN
AMU419631,,✅ SU WOOCOMMERCE (codice NON unico),AMU419631,AMU419631,AMUCHINA GEL X-GERM 80 ML CRT. 12 PZ,0,118,DIRETTO (SKU=COD),100,"Gel Mani Igienizzante Senza Risciacquo 80 Ml – Detergente Mani Tascabile ad Asciugatura Rapida, Formula Delicata, Ideale per Casa, Ufficio, Viaggi e Auto",86,0507HQTF9IS,https://www.amazon.it/dp/B0GZWLWBTR,"<p><strong>Gel Mani Igienizzante Senza Risciacquo 80 Ml</strong>, pratico e veloce da utilizzare ogni giorno per detergere le mani anche fuori casa.</p> <p>La sua formula ad asciugatura rapida aiuta a mantenere le mani pulite senza bisogno di acqua o sapone. La texture leggera non appiccica e lascia una piacevole sensazione di freschezza dopo ogni utilizzo.</p> <p>Il formato compatto da <strong>80 ml</strong> è ideale da portare sempre con sé: in borsa, nello zaino, in auto, in ufficio, a scuola o durante i viaggi.</p> <p>Perfetto per l’uso quotidiano in molte situazioni: mezzi pubblici, palestra, shopping, lavoro e spostamenti frequenti.</p> <ul> <li>Gel mani senza risciacquo</li> <li>Formato tascabile da 80 ml</li> <li>Asciugatura rapida</li> <li>Non appiccicoso</li> <li>Ideale per uso quotidiano</li> </ul>"
AMU419631,VARIANTE AMAZON DA 12 PEZZI,✅ SU WOOCOMMERCE (codice NON unico),AMU419631-12,,,,,🟠 DEBOLE (42.2%),422,"Gel Mani Igienizzante Senza Risciacquo 80 Ml – Detergente Mani Tascabile ad Asciugatura Rapida, Formula Delicata, Ideale per Casa, Ufficio, Viaggi e Auto - CONFEZIONE DA 12 FLACONI",417,0508HUYNUWM,https://www.amazon.it/dp/B0H11GV5JN,"<p><strong>Gel Mani Igienizzante Senza Risciacquo 80 Ml</strong>, pratico e veloce da utilizzare ogni giorno per detergere le mani anche fuori casa.</p> <p>La sua formula ad asciugatura rapida aiuta a mantenere le mani pulite senza bisogno di acqua o sapone. La texture leggera non appiccica e lascia una piacevole sensazione di freschezza dopo ogni utilizzo.</p> <p>Il formato compatto da <strong>80 ml</strong> è ideale da portare sempre con sé: in borsa, nello zaino, in auto, in ufficio, a scuola o durante i viaggi.</p> <p>Perfetto per l’uso quotidiano in molte situazioni: mezzi pubblici, palestra, shopping, lavoro e spostamenti frequenti.</p> <ul> <li>Gel mani senza risciacquo</li> <li>Formato tascabile da 80 ml</li> <li>Asciugatura rapida</li> <li>Non appiccicoso</li> <li>Ideale per uso quotidiano</li> </ul>"
AMU419631,VARIANTE AMAZON DA 6 PEZZI,✅ SU WOOCOMMERCE (codice NON unico),HZ-5E3Q-4N98,,,,,🟠 DEBOLE (42.2%),422,"Gel Mani Igienizzante Senza Risciacquo 80 Ml – Detergente Mani Tascabile ad Asciugatura Rapida, Formula Delicata, Ideale per Casa, Ufficio, Viaggi e Auto - CONFEZIONE DA 6 FLACONI",243,0508HU8H5NM,https://www.amazon.it/dp/B0GZZZG6LQ,"<p><strong>Gel Mani Igienizzante Senza Risciacquo 80 Ml</strong>, pratico e veloce da utilizzare ogni giorno per detergere le mani anche fuori casa.</p> <p>La sua formula ad asciugatura rapida aiuta a mantenere le mani pulite senza bisogno di acqua o sapone. La texture leggera non appiccica e lascia una piacevole sensazione di freschezza dopo ogni utilizzo.</p> <p>Il formato compatto da <strong>80 ml</strong> è ideale da portare sempre con sé: in borsa, nello zaino, in auto, in ufficio, a scuola o durante i viaggi.</p> <p>Perfetto per l’uso quotidiano in molte situazioni: mezzi pubblici, palestra, shopping, lavoro e spostamenti frequenti.</p> <ul> <li>Gel mani senza risciacquo</li> <li>Formato tascabile da 80 ml</li> <li>Asciugatura rapida</li> <li>Non appiccicoso</li> <li>Ideale per uso quotidiano</li> </ul>"
AMU419720,,✅ SU WOOCOMMERCE,AMU419720,AMU419720,AMUCHINA 100% FLAC. ML.500 CRT. 12 PZ,0,12,DIRETTO (SKU=COD),100,AMUCHINA 500ML by AMUCHINA,142,0513HEU6Q2R,https://www.amazon.it/dp/B01N3PSZXE,
AMU419841,RIFERITO A CONFEZIONE DA 6 PEZZI,✅ SU WOOCOMMERCE (codice NON unico),XB-XMM0-T727,AMU419841,SALVIETTE XGERM DISINFETTANTI MANI CRT. 6 PZ,47,881,🟡 INCERTO (63.4%),634,Salviette Xgerm Disinfettanti per le Mani - Busta da 20 Salviette - Confezione da 6 Buste,2399,0627FJ2YIXD,https://www.amazon.it/dp/B0FFT99FLC,SALVIETTE XGERM DISINFETTANTI PER LE MANI AMUCHINA - BUSTA DA 20 SALVIETTE - CONFEZIONE DA 6 BUSTE
AMU419841,RIFERITO A CONFEZIONE DA 12 PEZZI,✅ SU WOOCOMMERCE (codice NON unico),FL-F0UY-H83Q,AMU419841,SALVIETTE XGERM DISINFETTANTI MANI CRT. 6 PZ,47,881,🟡 INCERTO (63.4%),634,SALVIETTE XGERM DISINFETTANTI PER LE MANI AMUCHINA - BUSTA DA 20 SALVIETTE - CONFEZIONE DA 12 BUSTE,41,0627FIXMIM3,https://www.amazon.it/dp/B0FFT7FBP9,SALVIETTE XGERM DISINFETTANTI PER LE MANI AMUCHINA - BUSTA DA 20 SALVIETTE - CONFEZIONE DA 12 BUSTE
AMU419841,RIFERITO A SINGOLO PEZZO,✅ SU WOOCOMMERCE (codice NON unico),AM-SALVXGERM,AMU419841,SALVIETTE XGERM DISINFETTANTI MANI CRT. 6 PZ,47,881,🟡 INCERTO (61.7%),617,Amuchina Salviette Xgerm Disinfettanti per le Mani - Confezione da 20 Salviette,999,0617FKA3FDR,https://www.amazon.it/dp/B0FDGQ3R83,SALVIETTE XGERM DISINFETTANTI PER LE MANI AMUCHINA - CF. 20 SALVIETTE
CC11013602,,✅ SU WOOCOMMERCE,TM-LI1E-B7EI,CC11013602,CARTA FORNO ROTOLO H.360 MT.50 IN BOX CRT. 6 PZ (4536050),27,9,🟡 INCERTO (52.3%),523,CARTA FORNO PROFESSIONAL - ROTOLO DA 50 METRI - ALTEZZA 36 CM,151,0512FGU4CWC,https://www.amazon.it/dp/B0F8BM9WNX,CARTA FORNO PROFESSIONAL - ROTOLO DA 50 METRI - ALTEZZA 36 CM
CC17030112,,✅ SU WOOCOMMERCE,TV-8879-16KJ,,,,,🟠 DEBOLE (41.1%),411,Film rotolo alluminio larghezza cm 30 lunghezza mt 100 con astuccio,162,0418FM9GWHM,https://www.amazon.it/dp/B01MT6RO9W,
CC3530130,,✅ SU WOOCOMMERCE,84-WD5C-LI48,,,,,🟠 DEBOLE (36.4%),364,PELLICOLA TRASPARENTE - CUKI,168,0422FW6X4I9,https://www.amazon.it/dp/B086ZNH9ZN,
CR84570,,✅ SU WOOCOMMERCE,X5-8U0J-A1Q7,CX7272S,ASCIUGAMANI PIEGATI A V SAVE CRT.3000 PZ (15x200),365,2,🟠 DEBOLE (47.2%),472,BULKY SOFT ASCIUGAMANI MONOUSO CARTA DISPENSER PIEGATI A V COMPATIBILE A C E A Z - CONFEZIONE DA 3.000 PEZZI,245,0415FB7C2IY,https://www.amazon.it/dp/B097XYSXMV,"BULKY SOFT - ASCIUGAMANI MONOUSO CARTA DISPENSER PIEGATI A V COMPATIBILE PIEGATURA ""C"" E ""Z"" - CONFEZIONE 3.000 ASCIUGAMANI"
CX7272S,,Verificato - Non caricato (codice NON unico),S4-CFX1-Y9CD,CR84570,ASCIUGAMANI PIEGATI A V 2 VELI CRT.3000 PZ (12x250),0,45,🟠 DEBOLE (45.0%),45,"ASCIUGAMANI IN CARTA DOPPIO VELO RICICLATA PIEGATA A V CON GRADO DI BIANCO 75%, CONFEZIONE 3000 FOGLIETTI",244,0129HOBW0KM,https://www.amazon.it/dp/B015MUWM58,
CXC59615,,✅ SU WOOCOMMERCE,6C-17D8-VTBU,CXC59615,BOBINA CARTA BLU 3V 500 STR. H.26,50,50,🟠 DEBOLE (46.4%),464,ROTOLONE DI CARTA BLU FOOD 3 VELI 500 STRAPPI CELTEX 59615 - CONFEZIONE 2 ROTOLONI,237,0508F5E6FHX,https://www.amazon.it/dp/B0F7XV4WXG,ROTOLONE DI CARTA SUPERBLUE FOOD 3 VELI 500 STRAPPI CELTEX 59615 - CONFEZIONE 2 ROTOLONI
FAN1076025,,✅ SU WOOCOMMERCE,FAN1076025,FAN1076025,NO YELLOW THERMO-PROTECTIVE CREAM 150 ML,6,12,DIRETTO (SKU=COD),100,FANOLA THERMO-PROTECTIVE CREAM,177,0514HJLQQGM,https://www.amazon.it/dp/B089WD5G3Q,
FAN1076058,,🟡 FUZZY INCERTO - VERIFICA (codice NON unico),I1-TAKJ-XON9,FAN86879,CONDIZIONAT. RISTRUTTURANTE s/risciacquo TUBO 300 ML (1076057),9,7,🟡 INCERTO (53.4%),534,FANOLA Nourishing Balsamo Bifasico Ristrutturante Senza risciacquo 200ml,127,0326FP48MNL,https://www.amazon.it/dp/B08L4H812D,
FAN1076064,,✅ SU WOOCOMMERCE,FAN1076064,FAN1076064,CONDIZIONATORE RISTRUTTURANTE TANICA LT.10,2,0,DIRETTO (SKU=COD),100,Fanola Nutri Care Restructuring Conditioner,415,0514HJCIT9J,https://www.amazon.it/dp/B01CCSVDUS,
FAN1076082,,✅ SU WOOCOMMERCE,FAN1076082,FAN1076082,VIOLET PEROXYDE 5 VOL crema ossidante viola 1000 ML,24,19,DIRETTO (SKU=COD),100,FANOLA Crema Ossidante Viola Antigiallo 5 Vol 1000ml,114,0704F5Q6I21,https://www.amazon.it/dp/B096SRSRW2,
FAN1076083,,✅ SU WOOCOMMERCE,FAN1076083,FAN1076083,VIOLET PEROXYDE 25 VOL crema ossidante viola 1000 ML,22,8,DIRETTO (SKU=COD),100,FANOLA Crema Ossidante Viola Antigiallo 25 Vol 1000ml,114,0704F5KY8QI,https://www.amazon.it/dp/B096S91BKN,
FAN1076084,,✅ SU WOOCOMMERCE,FAN1076084,FAN1076084,BLACK LIGHTENING CREAM crema decolorante nera 500 GR,7,4,DIRETTO (SKU=COD),100,FANOLA Black Lightning Cream Crema Decolorante Nera 500gr,253,0704F5O3M7K,https://www.amazon.it/dp/B096SSH4JB,
FAN1076086,,✅ SU WOOCOMMERCE,FAN1076086,FAN1076086,COLOR MASK TOTAL BLACK 200ML FANOLA,2,2,DIRETTO (SKU=COD),100,FANOLA Maschera colorante capelli TOTAL BLACK 200 ML,14,0514HJCC2D3,https://www.amazon.it/dp/B093HJ3YMP,
FAN1076087,,✅ SU WOOCOMMERCE,FAN1076087,FAN1076087,COLOR MASK SENSUAL CHOCOLATE 200ML FANOLA,6,6,DIRETTO (SKU=COD),100,Fanola Maschera colorante capelli SENSUAL CHOCOLATE 200 ML,14,0514HKKBPY5,https://www.amazon.it/dp/B093L8LLXX,
FAN1076088,,✅ SU WOOCOMMERCE,FAN1076088,FAN1076088,COLOR MASK GOLDEN AURA 200ML FANOLA,8,8,DIRETTO (SKU=COD),100,Fanola Maschera colorante capelli GOLDEN AURA 200 ML,14,0514HK0QLI8,https://www.amazon.it/dp/B093LDC4NF,
FAN1076089,,✅ SU WOOCOMMERCE,FAN1076089,FAN1076089,COLOR MASK COPPER FLOW 200ML FANOLA,11,11,DIRETTO (SKU=COD),100,"Fanola Color Mask Copper Flow, Maschera Pigmentata Nutriente per Capelli Scuri Naturali o Trattati ad Azione Condizionante per un Colore Vivido e Luminoso, Senza Siliconi, 200 ml",14,0514HJLRLBR,https://www.amazon.it/dp/B093LBQPPT,
FAN1076090,,✅ SU WOOCOMMERCE,FAN1076090,FAN1076090,COLOR MASK RED PASSION 200ML FANOLA,8,9,DIRETTO (SKU=COD),100,"Fanola Color Mask Red Passion, Maschera Pigmentata Nutriente per Capelli Scuri Naturali o Trattati ad Azione Condizionante per un Colore Vivido e Luminoso, 200 ml",14,0514HJ2FFX6,https://www.amazon.it/dp/B093LBC6M1,
FAN1076091,,✅ SU WOOCOMMERCE,FAN1076091,FAN1076091,COLOR MASK SILKY PURPLE 200ML FANOLA,3,3,DIRETTO (SKU=COD),100,Fanola Maschera colorante capelli SILKY PURPLE 200 ML,14,0514HKKMCRM,https://www.amazon.it/dp/B093LBKS3C,
FAN1076092,,✅ SU WOOCOMMERCE,FAN1076092,FAN1076092,COLOR MASK PINK SUGAR 200ML FANOLA,4,4,DIRETTO (SKU=COD),100,Fanola Maschera colorante capelli PINK SUGAR 200 ML,14,0514HKLCB9M,https://www.amazon.it/dp/B093LBQJK6,
FAN1076093,,✅ SU WOOCOMMERCE,FAN1076093,FAN1076093,COLOR MASK OCEAN BLUE 200ML FANOLA,1,1,DIRETTO (SKU=COD),100,Fanola Maschera colorante capelli OCEAN BLUE 200 ML,14,0514HJYIR4H,https://www.amazon.it/dp/B093LBTGH8,
FAN1076094,,✅ SU WOOCOMMERCE,FAN1076094,FAN1076094,COLOR MASK CLOVER GREEN 200ML FANOLA,3,3,DIRETTO (SKU=COD),100,FANOLA Maschera colorante capelli CLOVER GREEN 200 ML,14,0514HJ6K1PK,https://www.amazon.it/dp/B093LB3538,
FAN1076103,,✅ SU WOOCOMMERCE,FAN1076103,FAN1076103,POLVERE DECOLORANTE VIOLET LIGHTENER 450 GR.,2,6,DIRETTO (SKU=COD),100,FANOLA Polvere Decolorante Viola Compatta 450g,194,0704F5GWVV4,https://www.amazon.it/dp/B096XV7SCV,
FAN1076104,,✅ SU WOOCOMMERCE,FAN1076104,FAN1076104,POLVERE DECOLORANTE GREEN LIGHTENER 450 GR.,13,13,DIRETTO (SKU=COD),100,FANOLA Polvere Decolorante Verde Compatta 450g,193,0704F574AZA,https://www.amazon.it/dp/B096YHCMS9,
FAN1076131,,✅ SU WOOCOMMERCE,FAN1076131,FAN1076131,COLOR ZOOM 1.0 100 ML.,16,21,DIRETTO (SKU=COD),100,CREMA COLORE PER CAPELLI 100 ML COLORZOOM 10 MINUTI 1.0 NERO-FANOLA,126,0506HM8UG0S,https://www.amazon.it/dp/B09QNVTYJH,
FAN1076132,,✅ SU WOOCOMMERCE,FAN1076132,FAN1076132,COLOR ZOOM 3.0 100 ML.,20,12,DIRETTO (SKU=COD),100,CREMA COLORE PER CAPELLI 100 ML COLORZOOM 10 MINUTI 3.0 CASTANO SCURO-FANOLA,126,0506HMC0ZGK,https://www.amazon.it/dp/B09QNN4KRJ,
FAN1076133,,✅ SU WOOCOMMERCE,FAN1076133,FAN1076133,COLOR ZOOM 4.0 100 ML.,31,20,DIRETTO (SKU=COD),100,CREMA COLORE PER CAPELLI 100 ML COLORZOOM 10 MINUTI 4.0 CASTANO-FANOLA,126,0506HM9CTRZ,https://www.amazon.it/dp/B09QP1RYY3,
FAN1076134,,✅ SU WOOCOMMERCE,FAN1076134,FAN1076134,COLOR ZOOM 5.0 100 ML.,30,35,DIRETTO (SKU=COD),100,CREMA COLORE PER CAPELLI 100 ML COLORZOOM 10 MINUTI 5.0 CASTANO CHIARO-FANOLA,126,0506HM3FI2J,https://www.amazon.it/dp/B09QP1P71J,
FAN1076135,,✅ SU WOOCOMMERCE,FAN1076135,FAN1076135,COLOR ZOOM 6.0 100 ML.,30,47,DIRETTO (SKU=COD),100,CREMA COLORE PER CAPELLI 100 ML COLORZOOM 10 MINUTI 6.0 BIONDO SCURO-FANOLA,126,0506HM89UMA,https://www.amazon.it/dp/B09QNSRPGM,
FAN1076136,,✅ SU WOOCOMMERCE,FAN1076136,FAN1076136,COLOR ZOOM 7.0 100 ML.,30,33,DIRETTO (SKU=COD),100,CREMA COLORE PER CAPELLI 100 ML COLORZOOM 10 MINUTI 7.0 BIONDO-FANOLA,126,0506HM69EN3,https://www.amazon.it/dp/B09QNLPC72,
FAN1076137,,✅ SU WOOCOMMERCE,FAN1076137,FAN1076137,COLOR ZOOM 8.0 100 ML.,22,22,DIRETTO (SKU=COD),100,CREMA COLORE PER CAPELLI 100 ML COLORZOOM 10 MINUTI 8.0 BIONDO CHIARO-FANOLA,126,0506HM0RYDF,https://www.amazon.it/dp/B09QNJLGWS,
FAN1076138,,✅ SU WOOCOMMERCE,FAN1076138,FAN1076138,COLOR ZOOM 9.0 100 ML.,21,22,DIRETTO (SKU=COD),100,CREMA COLORE PER CAPELLI 100 ML COLORZOOM 10 MINUTI 9.0 BIONDO CH.MO-FANOLA,126,0506HM8RNET,https://www.amazon.it/dp/B09QP1VVJ1,
FAN1076139,,✅ SU WOOCOMMERCE,FAN1076139,FAN1076139,COLOR ZOOM 10.0 100 ML.,21,15,DIRETTO (SKU=COD),100,CREMA COLORE PER CAPELLI 100 ML COLORZOOM 10 MINUTI 10.0 BIONDO PLATINO-FANOLA,126,0506HM8XSBC,https://www.amazon.it/dp/B09QNJ3ZXJ,
FAN1076140,,✅ SU WOOCOMMERCE,FAN1076140,FAN1076140,COLOR ZOOM 6.01 100 ML.,12,7,DIRETTO (SKU=COD),100,TINTURA CAPELLI 100ML COLORZOOM 10MINUTI 6.01 BIONDO SCURO NAT.LE CENERE FANOLA,126,0506HM0TO3C,https://www.amazon.it/dp/B09QP5222P,
FAN1076141,,✅ SU WOOCOMMERCE,FAN1076141,FAN1076141,COLOR ZOOM 8.01 100 ML.,9,9,DIRETTO (SKU=COD),100,TINTURA CAPELLI 100ML COLORZOOM 10MINUTI 8.01 BIONDO CHIARO NAT.LE CENERE-FANOLA,126,0506HM5M8H1,https://www.amazon.it/dp/B09QNBDZKJ,
FAN1076142,,✅ SU WOOCOMMERCE,FAN1076142,FAN1076142,COLOR ZOOM 4.71 100 ML.,2,2,DIRETTO (SKU=COD),100,TINTURA PER CAPELLI 100ML COLORZOOM 10 MINUTI 4.71 CASTANO MARRONE FREDDO-FANOLA,126,0506HM9B9HK,https://www.amazon.it/dp/B09QNGFPX6,
FAN1076143,,✅ SU WOOCOMMERCE,FAN1076143,FAN1076143,COLOR ZOOM 6.71 100 ML.,6,6,DIRETTO (SKU=COD),100,TINTURA CAPELLI 100ML COLORZOOM 10MINUTI 6.71 BIONDO SCURO MARRONE FREDDO-FANOLA,126,0506HM66GF7,https://www.amazon.it/dp/B09QNQL5BY,
FAN1076144,,✅ SU WOOCOMMERCE,FAN1076144,FAN1076144,COLOR ZOOM 6.3 100 ML.,9,9,DIRETTO (SKU=COD),100,CREMA COLORE PER CAPELLI 100ML COLORZOOM 10MINUTI 6.3 BIONDO SCURO DORATO-FANOLA,126,0506HM3GUBR,https://www.amazon.it/dp/B09QNQL45T,
FAN1076145,,✅ SU WOOCOMMERCE,FAN1076145,FAN1076145,COLOR ZOOM 8.3 100 ML.,3,7,DIRETTO (SKU=COD),100,CREMA COLORE CAPELLI 100 ML COLORZOOM 10 MINUTI 8.3 BIONDO CHIARO DORATO-FANOLA,126,0506HM8O8F9,https://www.amazon.it/dp/B09QNTGMKF,
FAN1076146,,✅ SU WOOCOMMERCE,FAN1076146,FAN1076146,COLOR ZOOM 5.4 100 ML.,7,7,DIRETTO (SKU=COD),100,CREMA COLORE CAPELLI 100 ML COLORZOOM 10 MINUTI 5.4 CASTANO CHIARO RAME-FANOLA,126,0506HMF5RQ1,https://www.amazon.it/dp/B09QNR7PZY,
FAN1076147,,✅ SU WOOCOMMERCE,FAN1076147,FAN1076147,COLOR ZOOM 7.4 100 ML.,5,9,DIRETTO (SKU=COD),100,CREMA COLORE PER CAPELLI 100 ML COLORZOOM 10 MINUTI 7.4 BIONDO RAME-FANOLA,126,0506HM69BMQ,https://www.amazon.it/dp/B09QNXTTPY,
FAN1076148,,✅ SU WOOCOMMERCE,FAN1076148,FAN1076148,COLOR ZOOM 4.5 100 ML.,5,9,DIRETTO (SKU=COD),100,CREMA COLORE PER CAPELLI 100 ML COLORZOOM 10 MINUTI 4.5 CASTANO MOGANO-FANOLA,126,0506HM9DI9Q,https://www.amazon.it/dp/B09QNVF61R,
FAN1076149,,✅ SU WOOCOMMERCE,FAN1076149,FAN1076149,COLOR ZOOM 5.2 100 ML.,2,8,DIRETTO (SKU=COD),100,CREMA COLORE CAPELLI 100 ML COLORZOOM 10 MINUTI 5.2 CASTANO CHIARO VIOLA-FANOLA,126,0506HMBIGHC,https://www.amazon.it/dp/B09QNVWLVH,
FAN1076150,,✅ SU WOOCOMMERCE (codice NON unico),FAB1076150,FAN1076150,COLOR ZOOM 6.6 100 ML.,,6,🟡 INCERTO (68.9%),689,CREMA COLORE PER CAPELLI 100ML COLORZOOM 10 MINUTI 6.6 BIONDO SCURO ROSSO-FANOLA,126,0506HM376TD,https://www.amazon.it/dp/B09QNG99J5,
FAN1076150,,✅ SU WOOCOMMERCE (codice NON unico),FAB1076150,FAN86060,CREMA COLORE 6.6 BIONDO SCURO ROSSO FANOLA,0,6,🟡 INCERTO (68.9%),689,CREMA COLORE PER CAPELLI 100ML COLORZOOM 10 MINUTI 6.6 BIONDO SCURO ROSSO-FANOLA,126,0506HM376TD,https://www.amazon.it/dp/B09QNG99J5,
FAN1076151,,✅ SU WOOCOMMERCE,FAN1076151,FAN1076151,COLOR ZOOM 5.7 100 ML.,9,9,DIRETTO (SKU=COD),100,CREMA COLORE CAPELLI 100ML COLORZOOM 10 MINUTI 5.7 CASTANO CHIARO MARRONE-FANOLA,126,0506HM8MWTN,https://www.amazon.it/dp/B09QNLW8FN,
FAN1076152,,✅ SU WOOCOMMERCE,FAN1076152,FAN1076152,COLOR ZOOM 7.7 100 ML.,10,10,DIRETTO (SKU=COD),100,CREMA COLORE PER CAPELLI 100 ML COLORZOOM 10 MINUTI 7.7 BIONDO MARRONE-FANOLA,126,0506HM9B2D8,https://www.amazon.it/dp/B09QNPJ43F,
FAN1076205,,✅ SU WOOCOMMERCE,FAN1076205,FAN1076205,WONDER NO YELLOW SHAMPOO 350 ML,13,8,DIRETTO (SKU=COD),100,"Fanola Wonder No Yellow, Shampo tonalizzante anti-giallo per Capelli Biondi, Decolorati e Bianchi, 350 ml",137,0704F5M0M9E,https://www.amazon.it/dp/B0BJ6XF7F2,
FAN1076206,,✅ SU WOOCOMMERCE,FAN1076206,FAN1076206,WONDER NO YELLOW SHAMPOO 1000 ML,13,4,DIRETTO (SKU=COD),100,"Fanola Wonder No Yellow Extra Care Shampoo, Shampoo Tonalizzante Antigiallo per Capelli Biondi, Decolorati e Bianchi, Formula Vegana con Olio di Marula e Dragon Fruit, 1000 ml",196,0704F5EA7FX,https://www.amazon.it/dp/B0BP822QCB,
FAN1076208,,✅ SU WOOCOMMERCE,FAN1076208,FAN1076208,WONDER NO YELLOW MASCHERA 350 ML,6,6,DIRETTO (SKU=COD),100,"Fanola Wonder Maschera No Yellow Extra Care, Maschera Antigiallo per Capelli Biondi, Decolorati e Bianchi, Formula Vegana con Olio di Marula e Dragon Fruit, 350 ml",15,0704F5QGY60,https://www.amazon.it/dp/B0BJ6XKHY4,
FAN1076209,,✅ SU WOOCOMMERCE,FAN1076209,FAN1076209,WONDER NO YELLOW MASCHERA 1000 ML,4,4,DIRETTO (SKU=COD),100,Fanola Wonder No Yellow Mask 1000ml,223,0704F5PMZT5,https://www.amazon.it/dp/B0BP82NDGX,
FAN1076244,,✅ SU WOOCOMMERCE,FAN1076244,FAN1076244,WONDER COLOR LOCKER SHAMPOO DOPOCOLORE 350 ML,8,5,DIRETTO (SKU=COD),100,FANOLA Shampoo dopocolore Wonder Color Locker 350ml FANOLA,121,0514HKC53U3,https://www.amazon.it/dp/B0BJ6X5N7T,
FAN1076245,,✅ SU WOOCOMMERCE,FAN1076245,FAN1076245,WONDER COLOR LOCKER SHAMPOO DOPOCOLORE 1000 ML,7,5,DIRETTO (SKU=COD),100,"Fanola Wonder Color Locker, Shampoo Dopocolore, 1000 ml",158,0514HJCAQTT,https://www.amazon.it/dp/B0BP82FG9F,
FAN1076246,,✅ SU WOOCOMMERCE,FAN1076246,FAN1076246,WONDER COLOR LOCKER CREMA SIGILLANTE 200 ML,1,1,DIRETTO (SKU=COD),100,FANOLA Crema sigillante Wonder Color Locker 200ml FANOLA,127,0514HJ6THH9,https://www.amazon.it/dp/B0BJ6Y6595,
FAN1076247,,✅ SU WOOCOMMERCE,FAN1076247,FAN1076247,WONDER COLOR LOCKER CREMA SIGILLANTE 480 ML,2,6,DIRETTO (SKU=COD),100,FANOLA Crema sigillante Wonder Color Locker 480ml FANOLA,177,0514HJLZ63K,https://www.amazon.it/dp/B0BP83TR4X,
FAN1076248,,✅ SU WOOCOMMERCE,FAN1076248,FAN1076248,WONDER COLOR LOCKER LATTE SPRAY 195 ML,4,4,DIRETTO (SKU=COD),100,Fanola Wonder Locker Latte Spray 195ml,162,0514HJSX4WX,https://www.amazon.it/dp/B0BP849RYC,
FAN1076258,,✅ SU WOOCOMMERCE,W5-R7Q6-4901,FAN1076257,VITAMINS ENERGY LOZIONE ENERGIZZANTE 150 ML,0,24,🟢 AFFIDABILE (79.5%),795,"Fanola Vitamins, Lozione Energizzante, 12X10 ml",205,0129HOHCZ2G,https://www.amazon.it/dp/B0C4W3B8R4,
FAN1076266,,✅ SU WOOCOMMERCE,id-1076266,FAN1076266,WONDER NOURISHING SHAMPOO FLAC. 350 ML,7,7,🟢 AFFIDABILE (74.7%),747,"Fanola Wonder Nourishing, Shampoo Ristrutturante, 350 ml",123,0109HTLFAB1,https://www.amazon.it/dp/B0BYDSY12W,
FAN1076267,,🟡 FUZZY INCERTO - VERIFICA (codice NON unico),id-1076267,FAN1076266,WONDER NOURISHING SHAMPOO FLAC. 350 ML,7,7,🟡 INCERTO (51.3%),513,"Fanola Wonder Shampoo Nourishing Extra Care, Shampoo Ristrutturante per Capelli Fini Secchi, Crespi e Trattati ad Azione Delicata, per Capelli Morbidi e Luminosi senza Siliconi, 1000 ml",155,0109HTRQE1L,https://www.amazon.it/dp/B0BYDRZL9C,
FAN1076270,,✅ SU WOOCOMMERCE,FAN1076270,FAN1076270,WONDER NOURISHING MASK 350 ML,6,6,DIRETTO (SKU=COD),100,"Fanola Wonder Nourishing, Maschera Capelli Ristrutturante, 350 ml",13,0514HJ2G7Z1,https://www.amazon.it/dp/B0BYDT122J,
FAN1076271,,✅ SU WOOCOMMERCE,FAN1076271,FAN1076271,WONDER NOURISHING MASK 1000 ML,7,6,DIRETTO (SKU=COD),100,"Fanola Wonder Nourishing, Maschera Capelli Ristrutturante, 1000 ml",162,0514HJCC6HD,https://www.amazon.it/dp/B0BYDTDB6R,
FAN1076449,,✅ SU WOOCOMMERCE,FAN1076449,FAN1076449,FANTOUCH LACCA ECOLOGICA 320 ML,7,17,DIRETTO (SKU=COD),100,"Fanola Fantouch Lacca Ecologica Extra Forte, 320 ml",144,0514HJ2GOGU,https://www.amazon.it/dp/B0CLVLQZV5,
FAN1076450,,✅ SU WOOCOMMERCE,FAN1076450,FAN1076450,FANTOUCH MOUSSE EXTRAFORTE 300 ML,15,9,DIRETTO (SKU=COD),100,"Fanola Fantouch Mousse Extra Forte, 300 ml",143,0514HJ6T8TU,https://www.amazon.it/dp/B0CLVLW66N,
FAN1076451,,✅ SU WOOCOMMERCE,FAN1076451,FAN1076451,FANTOUCH LACCA SPRAY EXTRAFORTE 500 ML fix it,25,16,DIRETTO (SKU=COD),100,"Fanola Fantouch Lacca Spray Extra Forte, 500 ml",125,0514HJSGI6K,https://www.amazon.it/dp/B0CLVNY1TZ,
FAN1076452,,✅ SU WOOCOMMERCE,FAN1076452,FAN1076452,FANTOUCH LACCA SPRAY EXTRAFORTE 750 ML fix it,4,2,DIRETTO (SKU=COD),100,"Fanola Fantouch Lacca Spray Extra Forte, 750 ml",139,0514HKKW72E,https://www.amazon.it/dp/B0CLVN1LDR,
FAN1076453,,✅ SU WOOCOMMERCE,FAN1076453,FAN1076453,FANTOUCH THERMO FIX SPRAY 300 ML,8,10,DIRETTO (SKU=COD),100,"Fanola Fantouch Mousse Extra Forte, 300 ml",144,0514HJWQ9JJ,https://www.amazon.it/dp/B0CLVLW66N,
FAN1076454,,✅ SU WOOCOMMERCE,FAN1076454,FAN1076454,FANTOUCH SPRAY TERMOPROTETTIVO 300 ML heat block,11,8,DIRETTO (SKU=COD),100,"Fanola Fantouch Spray Termoprotettivo, 300 ml",143,0514HJSX51P,https://www.amazon.it/dp/B0CLVM5C6X,
FAN1076457,,✅ SU WOOCOMMERCE,FAN1076457,FAN1076457,FANTOUCH CERA LUCIDANTE FISSATIVA 100 ML,6,7,DIRETTO (SKU=COD),100,"Fanola Fantouch Cera Lucidante Fissativa, 100 ml",144,0514HJCDFYD,https://www.amazon.it/dp/B0CLVM8Z9S,
FAN1076458,,✅ SU WOOCOMMERCE,ID-1076458,FAN1076458,FANTOUCH PASTA OPACA FLESSIBILE 100 ML mad matt,11,11,🟢 AFFIDABILE (82.6%),826,"Fanola Fantouch Pasta Opaca Flessibile, 100 ml",139,0109HTLIZPS,https://www.amazon.it/dp/B0CLVL5LZH,
FAN1076459,,✅ SU WOOCOMMERCE,T9-H95M-SWOT,,,,,🟠 DEBOLE (43.0%),43,"Fanola FanTouch Curl Passion, Mousse Disciplinante per Capelli Ricci Naturali o Trattati, Azione Fissante per Ricci Morbidi ed Elastici, 300 ml",145,0109HU0WKYV,https://www.amazon.it/dp/B0CLVMRYVN,
FAN1076533,,✅ SU WOOCOMMERCE,FAN1076533,FAN1076533,FANTOUCH GEL FLUIDO EXTRA FORTE 250 ML give me hold,10,10,DIRETTO (SKU=COD),100,"Fanola Fantouch Gel Fluido Extra Forte, 250 ml",118,0514HITMFSI,https://www.amazon.it/dp/B0CLVP9YF5,
FAN1076534,,✅ SU WOOCOMMERCE,FAN1076534,FAN1076534,FANTOUCH CREMA DEFINIZIONE RICCI 200 ML,12,16,DIRETTO (SKU=COD),100,"Fanola Fantouch Crema Definizione Ricci, 200 ml",126,0514HJSQJMW,https://www.amazon.it/dp/B0CLVL7G47,
FAN1076535,,✅ SU WOOCOMMERCE,FAN1076535,FAN1076535,FANTOUCH FLUIDO DEFINIZIONE RICCI 200 ML feel the control,22,16,DIRETTO (SKU=COD),100,"Fanola Fantouch Fluido Definizione Ricci, 200 ml",124,0514HJCFDQJ,https://www.amazon.it/dp/B0CLVKJSC9,
FAN1076553,,✅ SU WOOCOMMERCE,FAN1076553,FAN1076553,FANTOUCH CRISTALLI LUCIDANTI 100 ML keep me bright,6,6,DIRETTO (SKU=COD),100,"Fanola FanTouch Keep Me Bright, Fluido con Cristalli Liquidi per la Cura e Prevenzione di Doppie Punte, con Termo Technology per Capelli Morbidi e Setosi, 100 ml",143,0514HJ6R1DP,https://www.amazon.it/dp/B0CLVMYH1J,
FAN1076569,,✅ SU WOOCOMMERCE,FAN1076569,FAN1076569,NY GLOW&GLOSSY T.02 OIL TONER 60 ML,18,17,DIRETTO (SKU=COD),100,Fanola Glow & Glossy Oil Toner T.02 60ml - colorazione semi permanente in olio senza ammoniaca,119,0514HJSWTAQ,https://www.amazon.it/dp/B0DMC61WMX,
FAN1076570,,✅ SU WOOCOMMERCE,FAN1076570,FAN1076570,NY GLOW&GLOSSY T.11 OIL TONER 60 ML,15,14,DIRETTO (SKU=COD),100,Fanola Glow & Glossy Oil Toner 60ml,119,0514HJCC6KS,https://www.amazon.it/dp/B0D9HCG929,
FAN1076597,,✅ SU WOOCOMMERCE,FAN1076597,FAN1076597,WONDER CURL MASK 500 ML,17,17,DIRETTO (SKU=COD),100,"Fanola Wonder Curl Maschera per Capelli Ricci e Ondulati, 500 ml",132,0514HJ2EOGX,https://www.amazon.it/dp/B0D96HB4H7,
FAN1076602,,✅ SU WOOCOMMERCE,FAN1076602,FAN1076602,WONDER CURL SHAMPOO 350 ML,6,6,DIRETTO (SKU=COD),100,Fanola Wonder Curl Shampoo per Capelli Ricci e Ondulati,123,0514HJ2A8IL,https://www.amazon.it/dp/B0D9H7F273,
FAN1076617,,✅ SU WOOCOMMERCE,FAN1076617,FAN1076617,SHAMPOO WONDER VOLUME 350 ML,12,12,DIRETTO (SKU=COD),100,Fanola Wonder Volume Shampoo 350ml - shampoo volumizzante,122,0514HJLT3VK,https://www.amazon.it/dp/B0DPJL3KB3,
FAN1076621,,✅ SU WOOCOMMERCE,FAN1076621,FAN1076621,SHAMPOO WONDER FREQUENT 350 ML,6,9,DIRETTO (SKU=COD),100,Fanola Wonder Frequent Shampoo 350ml - shampoo uso frequente,122,0514HJCDO8I,https://www.amazon.it/dp/B0DPJKSV95,
FAN1076622,,✅ SU WOOCOMMERCE,FAN1076622,FAN1076622,WONDER SHAMPOO FREQUENT LT.1,8,10,DIRETTO (SKU=COD),100,Fanola Wonder Frequent Shampoo 1000ml - shampoo uso frequente,153,0514HJCGBIC,https://www.amazon.it/dp/B0DPJJY86S,
FAN1096802,,✅ SU WOOCOMMERCE,1CLN-OZWR-DT8I,FAN86607,COLOR KERATIN ORO PURO BLU 100 ML,5,5,🟡 INCERTO (57.1%),571,"Fanola Oro Therapy Color Keratin 9.21, 100 ml",118,0423H6EN3YI,https://www.amazon.it/dp/B07GFP77VF,
FAN1096813,,✅ SU WOOCOMMERCE,1CLN-OZWR-DNRH,FAN86327,CREMA COLORE FANOLA VIOLA 100ML,6,6,🟠 DEBOLE (46.8%),468,Crema colore permanente per capelli senza ammoniaca 100ml-ORO Therapy (- 10.21 BIONDO PLATINO VIOLA CENERE),118,0423H6LXE30,https://www.amazon.it/dp/B07GFQ61XJ,
FAN1096888,,✅ SU WOOCOMMERCE,FAN1096888,FAN1096888,T.ROSE COLOR TONER 100 ML azione antigiallo bilanciata,0,3,DIRETTO (SKU=COD),100,NO YELLO COLOR 100 ML (T.ROSE),126,0514HKC5TWR,https://www.amazon.it/dp/B07QMRZ55P,
FAN1096993,,✅ SU WOOCOMMERCE,FAN1096993,FAN1096993,NO YELLOW 2-PHASE POTION senza risciacquo 150 ML,12,12,DIRETTO (SKU=COD),100,FANOLA CONDITIONER BIFASICO ANTIGIALLO SENZA RISCIACQUO NO YELLOW CARE 150 ML,147,0514HJ6RKMC,https://www.amazon.it/dp/B089WBHFL3,
FAN1096994,,✅ SU WOOCOMMERCE,FAN1096994,FAN1096994,INCREDIBLE FOAM NOYELLOW 250ML conditioner in mousse,6,2,DIRETTO (SKU=COD),100,"FANOLA No Yellow Care Antigiallo Incredible Foam Mousse, 250 Millilitro",167,0514HJ6OUFX,https://www.amazon.it/dp/B082XJ5HX2,
FAN8076079,SKU NON TROVATO SU AMAZON,🟡 FUZZY INCERTO - VERIFICA (codice NON unico),1CLQ-6PUV-APE8,FAN8076079,CIOTOLA PER TINTURA FANOLA,5,5,🟡 INCERTO (54.5%),545,FANOLA TINTURA 2.2,999,0424HAI2FM5,https://www.amazon.it/dp/B00CGPRPVO,
FAN8076079,SKU NON TROVATO SU AMAZON,🟡 FUZZY INCERTO - VERIFICA (codice NON unico),C3-VJDS-DQ0Y,FAN8076079,CIOTOLA PER TINTURA FANOLA,5,5,🟡 INCERTO (53.8%),538,FANOLA TINTURA 4.0 marrone,999,0328FW3PQTJ,https://www.amazon.it/dp/B00CGPMAHS,
FAN83710,"AD UNA TINTA 9,00",✅ SU WOOCOMMERCE,1CLQ-6PTH-3P7W,FAN86710,CREMA COLORE 9.00 BIONDO CHIARISSIMO INTENSO,12,-1,🟡 INCERTO (66.7%),667,"Fanola Crema colorante Colouring Cream 9.00 Biondo Chiaro Intensivo, 100 ml",999,0424HAF6B5M,https://www.amazon.it/dp/B01E8MDII6,
FAN86001,,✅ SU WOOCOMMERCE,1CLQ-6PTX-6AFM,FAN86001,CREMA COLORE 1.0 NERO FANOLA,16,13,🟢 AFFIDABILE (73.0%),73,"Fanola Crema Colore, 1.0 Nero, 100 ml",999,0424HAFEXXX,https://www.amazon.it/dp/B00CGPJ0ZS,
FAN86002,,✅ SU WOOCOMMERCE,1CLQ-6PUD-UU30,,,,,🟠 DEBOLE (20.3%),203,FANOLA COLOR NATURALI 3.0,999,0424HAI4Q7E,https://www.amazon.it/dp/B015RYGG1U,
FAN86003,,✅ SU WOOCOMMERCE,1CLQ-6PUD-U3C5,FAN8076079,CIOTOLA PER TINTURA FANOLA,5,5,🟡 INCERTO (53.8%),538,FANOLA TINTURA 4.0 marrone,999,0424HAI87A3,https://www.amazon.it/dp/B00CGPMAHS,
FAN86004,,✅ SU WOOCOMMERCE,1086004 - FAN86004,FAN8076079,CIOTOLA PER TINTURA FANOLA,5,5,🟡 INCERTO (54.5%),545,FANOLA TINTURA 5.0,999,0430H2COGSL,https://www.amazon.it/dp/B00CGPKNX6,
FAN86005,,✅ SU WOOCOMMERCE,1CLQ-6PVR-FOU2,FAN86070,CREMA COLORE FANOLA ROSSO 100ML,12,6,🟡 INCERTO (53.2%),532,Fanola Crema Colore per capelli 6/0 Fanola Crema Colore per capelli 6/0 – 100 ML,999,0424HAIOMOI,https://www.amazon.it/dp/B00CGPL3R6,
FAN86006,,🟠 FUZZY DEBOLE - VERIFICA (codice NON unico),1CLQ-6PX4-GKUX,FAN96626,9 ICE - CREMA COLORANTE ANTIGIALLO 100 ML,3,3,🟡 INCERTO (59.3%),593,"FANOLA - Crema colorante per capelli, 100 ml, 7.0 biondo",999,0424HA978DM,https://www.amazon.it/dp/B00CGPKV8I,
FAN86007,NON TROVATA SU AMAZON,✅ SU WOOCOMMERCE (codice NON unico),FAN1086052,FAN86007,CREMA COLORE 8.0 BIONDO CHIARO FANOLA,24,32,🟡 INCERTO (58.6%),586,"FANOLA - Crema colorante per capelli, 100 ml, colore: biondo chiaro",999,0514HKNB0BN,https://www.amazon.it/dp/B00CGPIWG6,
FAN86007,,✅ SU WOOCOMMERCE (codice NON unico),1CLQ-6PUD-VA5C,FAN86007,CREMA COLORE 8.0 BIONDO CHIARO FANOLA,24,32,🟡 INCERTO (55.3%),553,"FANOLA - Crema tintura per capelli, 100 ml, 8.0, biondo chiaro",999,0424HAISKHR,https://www.amazon.it/dp/B00CGPJRIS,
FAN86007,NON TROVATA SU AMAZON,✅ SU WOOCOMMERCE (codice NON unico),SF-MVK7-YBSS,FAN86007,CREMA COLORE 8.0 BIONDO CHIARO FANOLA,24,32,🟡 INCERTO (55.3%),553,"FANOLA - Crema tintura per capelli, 100 ml, 8.0, biondo chiaro",999,0328FVY01MP,https://www.amazon.it/dp/B00CGPJRIS,
FAN86008,,✅ SU WOOCOMMERCE (codice NON unico),1CLQ-6PSZ-YG0O,FAN86007,CREMA COLORE 8.0 BIONDO CHIARO FANOLA,24,32,🟡 INCERTO (62.0%),62,"Fanola Crema colorante Colouring Cream 9.0 Biondo Chiaro, 100 ml",999,0424HAEW7DK,https://www.amazon.it/dp/B00CGPI6ZS,
FAN86008,,✅ SU WOOCOMMERCE (codice NON unico),0J-HVHX-TDLX,,,,,🟠 DEBOLE (43.7%),437,FANOLA TINTURA ORO THERAPY COLOR KERATIN SENZA AMMONIACA 9.0,118,0331F3PBVGZ,https://www.amazon.it/dp/B00GIMCXO0,
FAN86009,,✅ SU WOOCOMMERCE (codice NON unico),1CLQ-6PSZ-YG0O,FAN86008,CREMA COLORE 9.0 BIONDO CHIARISSIMO FANOLA,24,32,🟡 INCERTO (62.0%),62,"Fanola Crema colorante Colouring Cream 9.0 Biondo Chiaro, 100 ml",999,0424HAEW7DK,https://www.amazon.it/dp/B00CGPI6ZS,
FAN86009,,✅ SU WOOCOMMERCE (codice NON unico),1CLQ-6PTH-4HPS,FAN86052,CREMA COLORE FANOLA 8.44 BIONDO CHIARO RAME INTENSO FANOLA,6,6,🟡 INCERTO (56.5%),565,"FANOLA - Crema colorante per capelli Fanola, 100 ml, oro biondo chiaro",999,0424HAAP8D7,https://www.amazon.it/dp/B00CGPJUTO,
FAN86009,,✅ SU WOOCOMMERCE (codice NON unico),1CLQ-6PUV-9SB8,FAN86072,CREMA COLORE 10.03 BIONDO PLATINO CALDO,6,6,🟠 DEBOLE (49.1%),491,"FANOLA - Crema tintura per capelli Fanola, 100 ml, 4.03, marrone medio caldo",999,0424HADIN06,https://www.amazon.it/dp/B00CGPJTTU,
FAN86010,,✅ SU WOOCOMMERCE,FAN1086010,,,,,🟠 DEBOLE (18.2%),182,FANOLA COLOR NATURALI CALDI 5.03,999,0514HJSPUSG,https://www.amazon.it/dp/B00CGPIJNC,
FAN86011,,✅ SU WOOCOMMERCE,1CLQ-6PW7-FWY6,FAN86011,CREMA COLORE 6.03 BIONDO SCURO CALDO FANOLA,6,6,🟢 AFFIDABILE (70.4%),704,"Fanola - Crema colorante per capelli, 6.03 biondo scuro caldo, 100 ml",999,0424HAEK1CZ,https://www.amazon.it/dp/B00CGPIZ22,
FAN86012,,✅ SU WOOCOMMERCE (codice NON unico),1CLQ-6PTH-3DO4,FAN86012,CREMA COLORE 7.03 BIONDO CALDO FANOLA,7,7,🟡 INCERTO (58.7%),587,"FANOLA 9.03 - Crema colorante per capelli, 100 ml, biondo caldo molto chiaro",999,0424HAEZNZJ,https://www.amazon.it/dp/B00CGPKLUQ,
FAN86012,,✅ SU WOOCOMMERCE (codice NON unico),1086012 - FAN86012,FAN96626,9 ICE - CREMA COLORANTE ANTIGIALLO 100 ML,3,3,🟠 DEBOLE (45.4%),454,Fanola Crema colorante per capelli 7.03 100 ml innovativa crema colorante con ginkgo biloba,999,0430H22V15M,https://www.amazon.it/dp/B00CGPPA7A,
FAN86014,,✅ SU WOOCOMMERCE,1CLQ-6PTH-3DO4,FAN86014,CREMA COLORE 9.03 BIONDO CHIARISSIMO CALDO FANOLA,7,7,🟡 INCERTO (58.7%),587,"FANOLA 9.03 - Crema colorante per capelli, 100 ml, biondo caldo molto chiaro",999,0424HAEZNZJ,https://www.amazon.it/dp/B00CGPKLUQ,
FAN86016,,✅ SU WOOCOMMERCE,1CLQ-6PX4-GKSE,FAN86016,CREMA COLORE 7.04 BIONDO RAME NATURALE FANOLA,10,10,🟡 INCERTO (62.1%),621,"Fanola Crema colorante Colouring Cream 7.04 Biondo naturale Rame, 100 ml",999,0424HAICUUT,https://www.amazon.it/dp/B00CGPM5BE,
FAN86017,,✅ SU WOOCOMMERCE,1CLQ-6PUD-VKOX,FAN86017,CREMA COLORE 8.04 BIONDO CHIARO RAME NATURALE FANOLA,10,9,🟡 INCERTO (63.5%),635,"FANOLA 8.04 - Crema colorante per capelli, biondo chiaro naturale, rame, 100 ml",999,0424HAENNDZ,https://www.amazon.it/dp/B00CGPL9IE,
FAN86018,,✅ SU WOOCOMMERCE,1CLQ-6PUV-8NJV,,,,,🟠 DEBOLE (44.8%),448,FANOLA COLOR CENERE 1.10,999,0424HAENA00,https://www.amazon.it/dp/B00CGPLQ14,
FAN86019,,✅ SU WOOCOMMERCE,1CLQ-6PW7-HKJ6,FAN86019,CREMA COLORE 6.1 BIONDO SCURO CENERE FANOLA,6,6,🟡 INCERTO (67.9%),679,"Fanola Crema colorante Colouring Cream 6.1 Biondo Scuro Cenere, 100 ml",999,0424HAAHG7A,https://www.amazon.it/dp/B00CGPP7M8,
FAN86021,,✅ SU WOOCOMMERCE,1CLQ-6PUV-95E5,FAN96358,CREMA COLORE 8.2F biondo chiaro viola FANTASIA 100 ML,9,9,🟡 INCERTO (61.7%),617,"Fanola crema colore color cream 8.1 biondo chiaro frassino, 100 ml (la confezione può variare)",999,0424HAI81TN,https://www.amazon.it/dp/B00CGPJLVQ,
FAN86023,,✅ SU WOOCOMMERCE,1CLQ-6PW7-FNMU,FAN86023,CREMA COLORE 6.13 BIONDO SCURO BEIGE FANOLA,4,4,🟡 INCERTO (66.1%),661,"FANOLA - Crema colorante per capelli Fanola 6.13, biondo scuro beige, 100 ml",999,0424HADEF6R,https://www.amazon.it/dp/B00CGPJHWO,
FAN86024,,✅ SU WOOCOMMERCE (codice NON unico),1086024 - FAN86024,FAN86024,CREMA COLORE 7.13 BIONDO BEIGE FANOLA,6,6,🟡 INCERTO (59.0%),59,"FANOLA - Crema colorante per capelli Fanola, 100 ml, 7.13, biondo beige",999,0430H27B44A,https://www.amazon.it/dp/B00CGPJJ18,
FAN86024,,✅ SU WOOCOMMERCE (codice NON unico),1086024 - FAN86024,FAN86086,CREMA COLORE 10.13 BIONDO PLATINO BEIGE,6,6,🟡 INCERTO (59.0%),59,"FANOLA - Crema colorante per capelli Fanola, 100 ml, 7.13, biondo beige",999,0430H27B44A,https://www.amazon.it/dp/B00CGPJJ18,
FAN86025,,✅ SU WOOCOMMERCE,1CLQ-6PTX-3L51,FAN86025,CREMA COLORE 8.13 BIONDO CHIARO BEIGE FANOLA,13,13,🟡 INCERTO (68.4%),684,"Fanola Crema colorante Colouring Cream 8.13 Biondo chiaro Beige, 100 ml",999,0424HACU9O0,https://www.amazon.it/dp/B00CGPQC5O,
FAN86026,,✅ SU WOOCOMMERCE,1CLQ-6PSZ-XMJH,FAN86026,CREMA COLORE 9.13 BIONDO CHIARO BEIGE FANOLA,6,5,🟡 INCERTO (67.8%),678,"FANOLA Hair Color Crema Colorante 9.13 Biondo molto chiaro Beige, 100 ml",999,0424HAHOBVP,https://www.amazon.it/dp/B00CGPM3Z2,
FAN86027,,✅ SU WOOCOMMERCE,1CLQ-6PUD-U0LS,,,,,🟠 DEBOLE (43.3%),433,FANOLA COLOR MARRONI 4.14,999,0424HAIGV1Q,https://www.amazon.it/dp/B00CGPKIMM,
FAN86028,,✅ SU WOOCOMMERCE,1CLQ-6PTH-3PJ9,FAN86028,CREMA COLORE 5.14 CIOCCOLATO FANOLA,8,5,🟡 INCERTO (65.2%),652,"FANOLA - Crema colorante per capelli 5.14, cioccolato, 100 ml",999,0424HAHSIH0,https://www.amazon.it/dp/B00CGPVL9Q,
FAN86029,,✅ SU WOOCOMMERCE,1CLQ-6PW7-GMOS,FAN86029,CREMA COLORE 6.14 NOCCIOLA FANOLA,4,4,🟡 INCERTO (60.9%),609,"Fanola Crema colorante Colouring Cream 6.14 Nocciola, 100 ml",999,0424HAHK238,https://www.amazon.it/dp/B00CGPL9KC,
FAN86030,,🟡 FUZZY INCERTO - VERIFICA (codice NON unico),1CLQ-6PWO-6GZ0,FAN96626,9 ICE - CREMA COLORANTE ANTIGIALLO 100 ML,3,3,🟡 INCERTO (56.0%),56,"FANOLA - Crema colorante per capelli Fanola, 100 ml, 7.14, tabacco",999,0424HAI6QCJ,https://www.amazon.it/dp/B00CGPM99C,
FAN86033,,✅ SU WOOCOMMERCE,1CLQ-6PTX-4VHY,FAN86033,CREMA COLORE 5.2 CASTANO CHIARO VIOLA FANOLA,18,18,🟡 INCERTO (67.9%),679,"FANOLA Hair Color - Crema colorante, 100 ml, 5.2 castano chiaro, viola",999,0424HAAHY5K,https://www.amazon.it/dp/B00CGPL4O8,
FAN86034,,✅ SU WOOCOMMERCE (codice NON unico),1CLQ-6PUD-RXMF,FAN86034,CREMA COLORE 5.3 CASTANO CHIARO DORATO FANOLA,6,6,🟠 DEBOLE (49.6%),496,"FANOLA - Crema tintura per capelli Fanola 100 ml 5.3, marrone chiaro e oro",999,0424HAIOD8H,https://www.amazon.it/dp/B00CGPKW00,
FAN86034,,✅ SU WOOCOMMERCE (codice NON unico),1CLQ-6PUD-RXMF,FAN86052,CREMA COLORE FANOLA 8.44 BIONDO CHIARO RAME INTENSO FANOLA,6,6,🟠 DEBOLE (49.6%),496,"FANOLA - Crema tintura per capelli Fanola 100 ml 5.3, marrone chiaro e oro",999,0424HAIOD8H,https://www.amazon.it/dp/B00CGPKW00,
FAN86035,,✅ SU WOOCOMMERCE (codice NON unico),1CLQ-6PWO-71O7,FAN86005,CREMA COLORE 6.0 BIONDO SCURO FANOLA,33,41,🟡 INCERTO (59.2%),592,"FANOLA - Crema colorante per capelli, 100 ml, oro biondo scuro 6.3",999,0424HAFQB78,https://www.amazon.it/dp/B015RYGCU0,
FAN86035,,✅ SU WOOCOMMERCE (codice NON unico),1CLQ-6PWO-71O7,FAN86035,CREMA COLORE 6.3 BIONDO SCURO DORATO FANOLA,33,41,🟡 INCERTO (59.2%),592,"FANOLA - Crema colorante per capelli, 100 ml, oro biondo scuro 6.3",999,0424HAFQB78,https://www.amazon.it/dp/B015RYGCU0,
FAN86036,,🟠 FUZZY DEBOLE - VERIFICA (codice NON unico),1CLQ-6PVB-I8RD,FAN96626,9 ICE - CREMA COLORANTE ANTIGIALLO 100 ML,3,3,🟡 INCERTO (62.4%),624,"Fanola Crema colorante colorante 7.3 Blond Gold, 100 ml",999,0424HAG1DE9,https://www.amazon.it/dp/B00CGPJ3Z0,
FAN86038,,✅ SU WOOCOMMERCE (codice NON unico),1CLQ-6PSZ-YHCT,FAN86038,CREMA COLORE 9.3 BIONDO FANOLA,6,6,🟡 INCERTO (61.2%),612,"FANOLA Hair Color Crema tintura 9.3 biondo oro molto chiaro, 100 ml",999,0424HAHRADR,https://www.amazon.it/dp/B00CGPP89K,
FAN86038,,✅ SU WOOCOMMERCE (codice NON unico),1CLQ-6PSZ-YHCT,FAN86355,COLOR KERATIN ORO PURO 8.31 BIONDO CHIARO SABBIA 100 ML,6,6,🟡 INCERTO (61.2%),612,"FANOLA Hair Color Crema tintura 9.3 biondo oro molto chiaro, 100 ml",999,0424HAHRADR,https://www.amazon.it/dp/B00CGPP89K,
FAN86039,,✅ SU WOOCOMMERCE,1CLQ-6PX4-F21D,FAN86039,CREMA COLORE 6.34 BIONDO SCURO DORATO RAME FANOLA,6,3,🟡 INCERTO (66.7%),667,"FANOLA - Crema colorante per capelli, 100 ml, 6.34, biondo scuro, oro, rame",999,0424HAHOTBO,https://www.amazon.it/dp/B00CGPN3JC,
FAN86040,,✅ SU WOOCOMMERCE,1086040 - FAN86040,FAN86048,CREMA COLORE 7.43 BIONDO RAME DORATO FANOLA,8,5,🟡 INCERTO (68.5%),685,"Fanola - Crema colorante per capelli, 7.34 biondo rame dorato, 100 ml",999,0430H29ZI4L,https://www.amazon.it/dp/B00CGPJG0M,
FAN86041,,✅ SU WOOCOMMERCE,1CLQ-6PUV-B6YO,FAN86041,CREMA COLORE 8.34 BIONDO CHIARO DORATO RAME FANOLA,7,7,🟡 INCERTO (67.2%),672,"FANOLA - Crema colorante per capelli, 100 ml, 8.34, biondo chiaro, oro, rame",999,0424HABECFJ,https://www.amazon.it/dp/B00CGPK9DA,
FAN86042,,✅ SU WOOCOMMERCE (codice NON unico),1CLQ-6PTX-6UWX,FAN86042,CREMA COLORE 5.4 CASTANO CHIARO RAME FANOLA,6,6,🟡 INCERTO (60.6%),606,"Fanola Crema Colore Colouring Cream 5.4 Marrone chiaro Rame, 100 ml",999,0424HA9IKR2,https://www.amazon.it/dp/B00CGPLCHW,
FAN86042,,✅ SU WOOCOMMERCE (codice NON unico),FAN1086042,FAN86042,CREMA COLORE 5.4 CASTANO CHIARO RAME FANOLA,6,6,🟡 INCERTO (60.6%),606,"Fanola Crema Colore Colouring Cream 5.4 Marrone chiaro Rame, 100 ml",999,0514HJ6U8Y2,https://www.amazon.it/dp/B00CGPLCHW,
FAN86043,,✅ SU WOOCOMMERCE,FAN1086043,FAN86043,CREMA COLORE 6.4 BIONDO SCURO RAME FANOLA,3,3,🟡 INCERTO (69.9%),699,"FANOLA Hair Color Crema Colorante 6.4 Biondo Scuro Rame, 100 ml",999,0514HJ2EOJR,https://www.amazon.it/dp/B00CGPJKJE,
FAN86044,,✅ SU WOOCOMMERCE,1CLQ-6PVR-GS6I,FAN86044,CREMA COLORE 7.4 BIONDO RAME FANOLA,11,11,🟡 INCERTO (60.9%),609,"FANOLA - Crema colorante per capelli, 100 ml, 7.4, biondo rame",999,0424HABO8JP,https://www.amazon.it/dp/B00CGPKS36,
FAN86045,,✅ SU WOOCOMMERCE,1086045 - FAN86045,FAN86045,CREMA COLORE 8.4 BIONDO CHIARO RAME FANOLA,4,4,🟡 INCERTO (67.3%),673,"Fanola Crema colorante Colouring Cream 8.4 Biondo Chiaro Rame, 100 ml",999,0430H254QXA,https://www.amazon.it/dp/B00CGPJMPG,
FAN86047,,✅ SU WOOCOMMERCE,1CLQ-6PW7-HBXU,FAN8076079,CIOTOLA PER TINTURA FANOLA,5,5,🟡 INCERTO (53.3%),533,FANOLA TINTURA 6.43,999,0424HAAI98Z,https://www.amazon.it/dp/B00CGPP0QQ,
FAN86048,,✅ SU WOOCOMMERCE,1CLQ-6PW7-FZTA,FAN86048,CREMA COLORE 7.43 BIONDO RAME DORATO FANOLA,8,5,🟡 INCERTO (66.7%),667,"FANOLA - Crema colorante per capelli, 100 ml, 7.43 biondo rame dorato",999,0424HAIRR95,https://www.amazon.it/dp/B00CGPL6T6,
FAN86049,,✅ SU WOOCOMMERCE,1CLQ-6PTH-3ZJH,FAN86049,CREMA COLORE 8.43 BIONDO CHIARO RAME DORATO FANOLA,4,4,🟢 AFFIDABILE (70.0%),70,"Fanola Crema colore Colouring Cream 8.43 Biondo chiaro Rame Oro, 100 ml",999,0424HAAD3ZH,https://www.amazon.it/dp/B00CGPNOJQ,
FAN86050,,🟠 FUZZY DEBOLE - VERIFICA (codice NON unico),1CLQ-6PX4-IYTL,FAN86043,CREMA COLORE 6.4 BIONDO SCURO RAME FANOLA,3,3,🟡 INCERTO (60.7%),607,"FANOLA - Crema colorante per capelli, 100 ml, 6.44, biondo scuro vivace, rame",999,0424HAAHBMU,https://www.amazon.it/dp/B00CGPKOXK,
FAN86051,,✅ SU WOOCOMMERCE,1CLQ-6PW7-GIZF,FAN86052,CREMA COLORE FANOLA 8.44 BIONDO CHIARO RAME INTENSO FANOLA,6,6,🟡 INCERTO (59.7%),597,"Fanola Crema colore Colouring Cream 7.44 Biondo vivace Rame, 100 ml",999,0424HAFD6IO,https://www.amazon.it/dp/B00CGPN5ZO,
FAN86053,,✅ SU WOOCOMMERCE,1CLQ-6PTX-5CKQ,FAN86053,CREMA COLORE 5.46 CASTANO CHIARO RAME ROSSO FANOLA,11,11,🟡 INCERTO (65.0%),65,"Fanola Crema colore Colouring Cream 5.46 Marrone chiaro Rame Rosso, 100 ml",999,0424HAF2QW1,https://www.amazon.it/dp/B00CGPKT9Y,
FAN86054,,✅ SU WOOCOMMERCE,1CLQ-6PX4-FZWJ,FAN86054,CREMA COLORE 6.46 BIONDO SCURO RAME ROSSO FANOLA,8,7,🟡 INCERTO (68.4%),684,"FANOLA - Crema per capelli colorati, 100 ml, 6.46, biondo scuro, rame, rosso",999,0424HA8WL6P,https://www.amazon.it/dp/B00CGPN1RG,
FAN86055,,✅ SU WOOCOMMERCE,1086055 - FAN86055,FAN86055,CREMA COLORE 4.5 CASTANO MOGANO FANOLA,6,6,🟠 DEBOLE (47.5%),475,"Fanola 4.5 Medium Mahogany Brown Hair Coloring Cream, Tinta Castano Mogano, 100 ml",999,0430H2467RP,https://www.amazon.it/dp/B00CGPSR8Y,
FAN86056,,✅ SU WOOCOMMERCE,1CLQ-6PVR-GYV0,FAN86056,CREMA COLORE 5.5 CASTANO CHIARO MOGANO FANOLA,6,6,🟡 INCERTO (60.3%),603,Fanola Crema colorante Colouring Cream 5.5 marrone chiaro mogano 100 ml,999,0424HAFOZBM,https://www.amazon.it/dp/B00CGPHYSI,
FAN86057,,✅ SU WOOCOMMERCE,1CLQ-6PXH-I9GD,FAN86057,CREMA COLORE 6.5 BIONDO SCUROMOGANO FANOLA,8,8,🟡 INCERTO (66.7%),667,"Fanola Crema colorante Colouring Cream 6.5 Biondo Scuro Mogano, 100 ml",999,0424HAFOQJJ,https://www.amazon.it/dp/B00CGPJIYG,
FAN86059,,✅ SU WOOCOMMERCE,1CLQ-6PW7-GWZL,FAN86059,CREMA COLORE 5.6 CASTANO CHIARO ROSSO FANOLA,11,11,🟡 INCERTO (61.8%),618,"FANOLA - Crema colorante per capelli 5.6, marrone chiaro, rosso, 100 ml",999,0424HAI81Z5,https://www.amazon.it/dp/B00CGPS36U,
FAN86060,,✅ SU WOOCOMMERCE,1CLQ-6PXH-GNZK,FAN86060,CREMA COLORE 6.6 BIONDO SCURO ROSSO FANOLA,0,6,🟡 INCERTO (67.3%),673,"Fanola Crema colorante Colouring Cream 6.6 Biondo scuro Rosso, 100 ml",999,0424HA9IL4U,https://www.amazon.it/dp/B00CGPMABY,
FAN86061,,✅ SU WOOCOMMERCE,1CLQ-6PUD-VP1X,FAN86061,CREMA COLORE 7.6 BIONDO ROSSO FANOLA,13,13,🟡 INCERTO (63.3%),633,"Fanola Crema colorante Colouring Cream 7.6 Biondo Rosso, 100 ml",999,0424HAEOX7Z,https://www.amazon.it/dp/B00CGPL4ZC,
FAN86062,,✅ SU WOOCOMMERCE,1CLQ-6PWO-6OPT,,,,,🟠 DEBOLE (17.9%),179,FANOLA COLOR SUPERSCHIARENTI 11.0,999,0424HAHVGTN,https://www.amazon.it/dp/B00CGPJMKQ,
FAN86063,,✅ SU WOOCOMMERCE,1CLQ-6PWO-7VW6,,,,,🟠 DEBOLE (17.9%),179,FANOLA COLOR SUPERSCHIARENTI 11.1,999,0424HAAL5DC,https://www.amazon.it/dp/B00CGPIR0C,
FAN86064,,✅ SU WOOCOMMERCE,1CLQ-6PWO-78NX,FAN86086,CREMA COLORE 10.13 BIONDO PLATINO BEIGE,6,6,🟡 INCERTO (58.1%),581,FANOLA - Crema tintura per capelli Fanola 100 ml 11.13 Super Blond Platino Beige,999,0424HAAJ0BI,https://www.amazon.it/dp/B00CGPP2IW,
FAN86066,,✅ SU WOOCOMMERCE,1CLQ-6PVB-HV8T,FAN86066,CREMA COLORE FANOLA NEUTRO 100ML,3,5,🟡 INCERTO (59.7%),597,FANOLA - Crema per capelli Fanola 100 ml,999,0424HACABOE,https://www.amazon.it/dp/B00PZ0RQMU,
FAN86068,??? SKU UGUALE A RIGA SOPRA,✅ SU WOOCOMMERCE (codice NON unico),1CLQ-6PVB-HV8T,FAN86068,CREMA COLORE FANOLA BLU 100ML,3,5,🟡 INCERTO (59.7%),597,FANOLA - Crema per capelli Fanola 100 ml,999,0424HACABOE,https://www.amazon.it/dp/B00PZ0RQMU,
FAN86068,,✅ SU WOOCOMMERCE (codice NON unico),1CLQ-6PUV-BQ4P,,,,,🟠 DEBOLE (19.7%),197,FANOLA COLOR CORRETTORI BLU,999,0424HAAL1FX,https://www.amazon.it/dp/B00PZ0RLZC,
FAN86069,,✅ SU WOOCOMMERCE,1CLQ-6PVB-HLM1,FAN1076035,FREE PAINT FANOLA PURE AQUA 60 ML,48,48,🟠 DEBOLE (47.3%),473,"FANOLA Amarillo Fanola Corrector, per l uso quotidiano, 100 ml",999,0424HAIRCUS,https://www.amazon.it/dp/B00PZ0R4L8,
FAN86070,,🟡 FUZZY INCERTO - VERIFICA (codice NON unico),1CLQ-6PVB-H5H9,FAN96626,9 ICE - CREMA COLORANTE ANTIGIALLO 100 ML,3,3,🟡 INCERTO (55.7%),557,"FANOLA - Crema colorante per capelli, 100 ml, rosso Correctors",999,0424HAG45UX,https://www.amazon.it/dp/B00PZ0R97M,
FAN86071,,✅ SU WOOCOMMERCE,C9-HLVE-MKH7,FAN86071,CREMA COLORE 10.0 BIONDO PLATINO,20,14,🟡 INCERTO (68.8%),688,"Fanola - Crema colorante per capelli, 10.0 biondo platino, 100 ml",999,0328FWA3EUS,https://www.amazon.it/dp/B00CGPKWXM,
FAN86072,,✅ SU WOOCOMMERCE,1CLQ-6PVR-G45W,,,,,🟠 DEBOLE (44.8%),448,Fanola Accessori colore - 150 gr,999,0424HAAJKIT,https://www.amazon.it/dp/B015RYGEBW,
FAN86073,,✅ SU WOOCOMMERCE (codice NON unico),1086073 - FAN86073,FAN86017,CREMA COLORE 8.04 BIONDO CHIARO RAME NATURALE FANOLA,10,9,🟡 INCERTO (66.1%),661,"Fanola Crema Colore Colouring Cream 9.04 Biondo Chiaro Naturale Rame, 100 ml",999,0430H2AJVJD,https://www.amazon.it/dp/B00CGPID6U,
FAN86073,,✅ SU WOOCOMMERCE (codice NON unico),1086073 - FAN86073,FAN86073,CREMA COLORE 9.04 BIONDO CHIARISS. RAME NATURALE,10,9,🟡 INCERTO (66.1%),661,"Fanola Crema Colore Colouring Cream 9.04 Biondo Chiaro Naturale Rame, 100 ml",999,0430H2AJVJD,https://www.amazon.it/dp/B00CGPID6U,
FAN86074,,✅ SU WOOCOMMERCE,FAN1086074,FAN8076079,CIOTOLA PER TINTURA FANOLA,5,5,🟡 INCERTO (54.5%),545,FANOLA TINTURA 5.1,999,0514HJ6U8YH,https://www.amazon.it/dp/B00CGPJI4Q,
FAN86075,,✅ SU WOOCOMMERCE,1CLQ-6PVR-H52Z,,,,,🟠 DEBOLE (44.8%),448,FANOLA COLOR CENERE 10.1,999,0424HAHY4ZS,https://www.amazon.it/dp/B00CGPM8T8,
FAN86077,,✅ SU WOOCOMMERCE (codice NON unico),1CLQ-6PSZ-XKQ4,FAN86077,CREMA COLORE 9.14 NOCE,3,3,🟡 INCERTO (61.4%),614,"Fanola Crema colore Colouring Cream 9.14 Noce, 100 ml",999,0424HADGQDK,https://www.amazon.it/dp/B00CGPID2E,
FAN86077,,✅ SU WOOCOMMERCE (codice NON unico),1CLQ-6PSZ-XKQ4,FAN86334,CREMA COLORE R.66 RED BOOSTER 100 ML,3,3,🟡 INCERTO (61.4%),614,"Fanola Crema colore Colouring Cream 9.14 Noce, 100 ml",999,0424HADGQDK,https://www.amazon.it/dp/B00CGPID2E,
FAN86078,,✅ SU WOOCOMMERCE,FAN1086078,FAN8076079,CIOTOLA PER TINTURA FANOLA,5,5,🟡 INCERTO (52.2%),522,FANOLA TINTURA 10.14,999,0514HJC40WI,https://www.amazon.it/dp/B00CGPQ7BI,
FAN86079,,✅ SU WOOCOMMERCE,FAN1086079,FAN86079,CREMA COLORE 6.2 BIONDO SCURO VIOLA,9,9,🟡 INCERTO (68.0%),68,"Fanola Crema colorante Colouring Cream 6.2 Biondo scuro Viola, 100 ml",999,0514HJ2DJLL,https://www.amazon.it/dp/B00CGPY6B6,
FAN86080,,✅ SU WOOCOMMERCE,FAN1086080,FAN8076079,CIOTOLA PER TINTURA FANOLA,5,5,🟡 INCERTO (53.3%),533,FANOLA TINTURA 10.3,999,0514HJCIXTO,https://www.amazon.it/dp/B00CGPQXMG,
FAN86081,,✅ SU WOOCOMMERCE (codice NON unico),1CLQ-6PWO-5YBJ,FAN86081,CREMA COLORE 11.2 superschiarente biondo platino perla,6,6,🟡 INCERTO (57.6%),576,FANOLA - Crema tintura per capelli Fanola 100 ml 11.2 Super Blond Platin Perl,999,0424HAAQXUF,https://www.amazon.it/dp/B00CGPM24E,
FAN86081,,✅ SU WOOCOMMERCE (codice NON unico),1CLQ-6PWO-5YBJ,FAN86324,CREMA COLORE 12.2 SUPER BIONDO PLATINO PERLA EXTRA,6,6,🟡 INCERTO (57.6%),576,FANOLA - Crema tintura per capelli Fanola 100 ml 11.2 Super Blond Platin Perl,999,0424HAAQXUF,https://www.amazon.it/dp/B00CGPM24E,
FAN86082,,✅ SU WOOCOMMERCE,1CLQ-6PWO-706U,FAN86463,COLOR KERATIN ORO PURO 11.7 SUPER BIONDO PLATINO IRISE',6,6,🟡 INCERTO (67.2%),672,"Fanola Color, Crema colorante per Capelli, 11.7 Super Biondo platin irisé,100 ml",999,0424HAHMEQU,https://www.amazon.it/dp/B00CGPKAEI,
FAN86083,,✅ SU WOOCOMMERCE,1CLQ-6PTH-3QGQ,,,,,🟠 DEBOLE (21.4%),214,FANOLA COLOR ROSSI 4.6,999,0424HAL2X59,https://www.amazon.it/dp/B00CGPLBC8,
FAN86086,,✅ SU WOOCOMMERCE,1CLQ-6PVR-FV26,,,,,🟠 DEBOLE (43.3%),433,D´Shila Plasters and bandages-Protect fingers - 250 gr,999,0424HAIUK7I,https://www.amazon.it/dp/B00CGPLSH6,
FAN86090,,✅ SU WOOCOMMERCE,1CLQ-6PVB-I52H,FAN86090,CREMA COLORE FANOLA TONER ARGENTO,12,12,🟡 INCERTO (60.3%),603,Fanola Tinta Crema Colore 100 ML Argento,999,0424HAAR3US,https://www.amazon.it/dp/B00CGPS68A,
FAN86160,,✅ SU WOOCOMMERCE,EZ-GL6N-LS9Z,FAN86160,ATTIVATORE 3,0,0,🟡 INCERTO (57.1%),571,"FANOLA ATTIVATORE 3,5 VOL 1 LT",95,0205HCP3XV3,https://www.amazon.it/dp/B011PVB1KK,
FAN86161,,✅ SU WOOCOMMERCE,9M-6LM5-W6X4,FAN86161,OSSIGENO 10 VOLUMI FANOLA 1000ML,16,25,🟡 INCERTO (52.9%),529,"Fanola - Crema ossidante, 10 volumi, 1 L",95,0205HCLX150,https://www.amazon.it/dp/B00PZ0ZHEO,
FAN86162,,✅ SU WOOCOMMERCE,U3-71IW-0MFV,PH300019,ACQUA OSSIGENATA 10 V ML.250,20,28,🟡 INCERTO (69.8%),698,"Fanola Acqua Ossigenata 1L, 20 Vol. 6%",999,0328FWAAVXI,https://www.amazon.it/dp/B00PZ0ZC7G,
FAN86163,,✅ SU WOOCOMMERCE,RI-CBNI-OV58,,,,,🟠 DEBOLE (41.2%),412,Matrix Trattamenti per la ricrescita dei capelli - 1000 ml,999,0206HF1VPAE,https://www.amazon.it/dp/B00PZ0Z956,
FAN86164,,✅ SU WOOCOMMERCE,18-4ZQI-SHUS,PH300019,ACQUA OSSIGENATA 10 V ML.250,20,28,🟡 INCERTO (63.8%),638,"Fanola Acqua ossigenata profumata, 1000 ml",95,0205HCJE95E,https://www.amazon.it/dp/B00PZ0Z2K8,
FAN86173,,✅ SU WOOCOMMERCE,FAN1086173,,,,,🟠 DEBOLE (35.8%),358,"Fanola Oro Therapy 24K Tinta per capelli, 100 ml, colorante permanente per capelli senza ammoniaca, arricchito con cheratina, olio di argan, oro puro micro-attivo, per la massima copertura, perfetta e uniforme, per colori brillanti, intensi, di lunga durata 100mL",118,0514HKKIV1N,https://www.amazon.it/dp/B01EJZYYEY,
FAN86175,,✅ SU WOOCOMMERCE (codice NON unico),1086040 - FAN86040,FAN86175,COLOR KERATIN ORO PURO 7.34 BIONDO DORATO RAME,8,5,🟡 INCERTO (68.5%),685,"Fanola - Crema colorante per capelli, 7.34 biondo rame dorato, 100 ml",999,0430H29ZI4L,https://www.amazon.it/dp/B00CGPJG0M,
FAN86175,,✅ SU WOOCOMMERCE (codice NON unico),1086175 - FAN86175,,,,,🟠 DEBOLE (40.9%),409,FANOLA TINTURA ORO THERAPY COLOR KERATIN SENZA AMMONIACA 7.34,118,0430H2LYWP6,https://www.amazon.it/dp/B01EK00FAA,
FAN86231,,✅ SU WOOCOMMERCE,UK-VBDH-AE5E,FAN86231,SHAMPOO RISTRUTTURANTE FANOLA 350 ML (1076051),13,13,🟡 INCERTO (58.2%),582,FANOLA Nourishing Shampoo Ristrutturante Capelli Danneggiati 350ml,114,0327FS6D5YC,https://www.amazon.it/dp/B08L4GFMTJ,
FAN86232,,✅ SU WOOCOMMERCE (codice NON unico),HL-ZAN7-AITV,BYTCL00279,MASCHERA CORPO RIMODELL.SNELL. 500ML LIPO-TRAP,7,7,🟠 DEBOLE (48.6%),486,Mascarilla Restruct 500Ml,12,0326FP6X558,https://www.amazon.it/dp/B01MCUU8OA,
FAN86232,,✅ SU WOOCOMMERCE (codice NON unico),GY-1WEM-DQNK,FAN86232,SHAMPOO RISTRUTTURANTE FANOLA 1000 ML (1076053),15,16,🟡 INCERTO (54.5%),545,Fanola Nourishing - Shampoo ristrutturante per capelli secchi e crespi - 1000 Ml,143,0327FRVOYB5,https://www.amazon.it/dp/B08HM4LQJD,
FAN86234,,✅ SU WOOCOMMERCE,TQ-VC6J-6317,FAN86234,MASCHERA RISTRUTTURANTE FANOLA 500 ML (1076055),13,16,🟡 INCERTO (56.1%),561,FANOLA Maschera Spray Ristrutturante Nutri One 10 Azioni 200ml,14,0327FSO0WRK,https://www.amazon.it/dp/B08L4GTGND,
FAN86235,,✅ SU WOOCOMMERCE,O7-RTIY-E3WB,FAN86235,MASCHERA RISTRUTTURANTE FANOLA 1500 ML (1076056),14,10,🟡 INCERTO (65.3%),653,"Fanola Nutri Care - Maschera Ristrutturante, 1500 ml",147,0326FP35EFX,https://www.amazon.it/dp/B00CGPMLDG,
FAN86237,,✅ SU WOOCOMMERCE,FAN1076054,FAN86237,CONDIZIONATORE RISTRUTTURANTE 1000 ML (1076054),6,6,🟢 AFFIDABILE (72.7%),727,"Fanola Nourishing, Condizionatore ristrutturante, 1000ml",141,0514HKB85JR,https://www.amazon.it/dp/B00CGPKDJU,
FAN86238,,✅ SU WOOCOMMERCE,T8-WOMN-B32M,FAN86238,CRISTALLI LIQUIDI RISTRUTTURANTI 100 ML ARANCIO (1076062),25,31,🟡 INCERTO (63.1%),631,Fanola Nurishing Cristalli Liquidi Ristrutturanti Capelli Danneggiati 100ml,153,0327FS67YWV,https://www.amazon.it/dp/B08L4HYNWH,
FAN86276,,✅ SU WOOCOMMERCE,FAN1096814,FAN86276,SMACCHIATORE FANOLA 150 ML (1096814),23,17,🟡 INCERTO (52.1%),521,FANOLA Smacchiatore 150ml Stain Remover,125,0514HJLVR0P,https://www.amazon.it/dp/B07JPM4YSV,
FAN86296,,✅ SU WOOCOMMERCE,FAN1076638,,,,,🟠 DEBOLE (38.7%),387,Fanola WONDER Smooth Extra Care Siero 100 ml,163,0514HJLYYRD,https://www.amazon.it/dp/B0DZWWGR1N,
FAN86303,,🟠 FUZZY DEBOLE - VERIFICA (codice NON unico),1CLQ-6PX4-FVNX,FAN86079,CREMA COLORE 6.2 BIONDO SCURO VIOLA,9,9,🟡 INCERTO (59.6%),596,"FANOLA - Crema colorante per capelli, 100 ml, 6.11, biondo scuro",999,0424HAIKNCG,https://www.amazon.it/dp/B00PZ0PFCS,
FAN86304,,✅ SU WOOCOMMERCE,1086304 - FAN86304,FAN86052,CREMA COLORE FANOLA 8.44 BIONDO CHIARO RAME INTENSO FANOLA,6,6,🟠 DEBOLE (47.8%),478,Fanola Hair Color 100 ml variante di Fanola Hair Color 2 7.11 biondo medio intenso cenere,999,0430H1Z1YNL,https://www.amazon.it/dp/B00PZ0P2OE,
FAN86305,,✅ SU WOOCOMMERCE,1CLQ-6PUD-VHAS,FAN86305,CREMA COLORE 8.11 BIONDO CHIARO CENERE INTENSO,6,8,🟢 AFFIDABILE (76.0%),76,"Fanola - Crema colorante per capelli, 8.11 biondo chiaro cenere intenso, 100 ml",999,0424HAFY4VC,https://www.amazon.it/dp/B00PZ0PJAQ,
FAN86306,,✅ SU WOOCOMMERCE (codice NON unico),1CLQ-6PSZ-XRYN,FAN86021,CREMA COLORE 8.1 BIONDO CHIARO CENERE FANOLA,9,9,🟡 INCERTO (69.1%),691,"Fanola Hair Color Crema colorante 9.11 Biondo chiaro cenere, 100 ml",999,0424HAG0VE9,https://www.amazon.it/dp/B00PZ0P640,
FAN86306,,✅ SU WOOCOMMERCE (codice NON unico),1CLQ-6PSZ-XRYN,FAN86306,CREMA COLORE 9.11 BIONDO CH.MO CENERE INTENSO,9,9,🟡 INCERTO (69.1%),691,"Fanola Hair Color Crema colorante 9.11 Biondo chiaro cenere, 100 ml",999,0424HAG0VE9,https://www.amazon.it/dp/B00PZ0P640,
FAN86307,,✅ SU WOOCOMMERCE,1CLQ-6PVR-F8R2,FAN86307,CREMA COLORE 8.11 BIONDO CHIARO CENERE INTENSO,6,8,🟢 AFFIDABILE (71.4%),714,"Fanola Crema colorante Colouring Cream 10.11 biondo chiaro cenere intenso, 100 ml",999,0424HADKLVZ,https://www.amazon.it/dp/B00PZ0PMV2,
FAN86309,,✅ SU WOOCOMMERCE,FAN1086322,,,,,🟠 DEBOLE (40.5%),405,Fanola - Tinta per capelli 100 ml Colore 5.22,999,0514HJLUQRD,https://www.amazon.it/dp/B07GFNKWQF,
FAN86311,,✅ SU WOOCOMMERCE,1CLQ-6PTH-4QWJ,FAN86311,CREMA COLORE 5.29 CIOCCOLATO EXTRA,11,11,🟡 INCERTO (59.2%),592,"Fanola Crema Colore Colouring Cream 5.29 Extra Cioccolato, 100 ml",999,0424HAFMYVM,https://www.amazon.it/dp/B00L5D79DW,
FAN86312,,🟡 FUZZY INCERTO - VERIFICA (codice NON unico),1086312 - FAN86312,FAN86334,CREMA COLORE R.66 RED BOOSTER 100 ML,3,3,🟡 INCERTO (55.2%),552,"Fanola Crema colore Colouring Cream 6.29 Zartbitter Cioccolato, 100 ml",999,0430H22HFV3,https://www.amazon.it/dp/B07GFQ6T1W,
FAN86313,,✅ SU WOOCOMMERCE,1CLQ-6PX4-GZAJ,FAN86313,CREMA COLORE 7.29 CIOCCOLATO GIANDUIA,9,9,🟡 INCERTO (58.2%),582,"FANOLA - Crema colorante per capelli Fanola, 100 ml, 7.29, cioccolato nocciola",999,0424HAAHBL5,https://www.amazon.it/dp/B00PZ0RZ4O,
FAN86315,,✅ SU WOOCOMMERCE,1CLQ-6PW7-HC8S,FAN86315,CREMA COLORE 5.66 CASTANO CHIARO ROSSO INTENSO,7,7,🟡 INCERTO (67.8%),678,"FANOLA - Crema colorante per capelli, 100 ml, 5.66, marrone chiaro, rosso intenso",999,0424HAAQ7TY,https://www.amazon.it/dp/B00PZ0X9AI,
FAN86316,,✅ SU WOOCOMMERCE,1CLQ-6PX4-FVEV,FAN86316,CREMA COLORE 6.66 BIONDO SCURO ROSSO INTENSO,5,6,🟢 AFFIDABILE (72.7%),727,"Fanola Crema colorante Colouring Cream 6.66 biondo scuro rosso intenso, 100 ml",999,0424HABYWEX,https://www.amazon.it/dp/B00PZ0XZ2K,
FAN86317,,✅ SU WOOCOMMERCE,1CLQ-6PUD-U71V,FAN86317,CREMA COLORE 7.66 BIONDO ROSSO INTENSO,2,6,🟡 INCERTO (55.0%),55,"Fanola Crema colorante Colouring Cream 7.66 Blond Intensiv Rosso, 100 ml",999,0424HAB7OB5,https://www.amazon.it/dp/B00PZ0XRWS,
FAN86324,,✅ SU WOOCOMMERCE,FAN1086324,FAN8076079,CIOTOLA PER TINTURA FANOLA,5,5,🟡 INCERTO (53.3%),533,FANOLA TINTURA 12.2,999,0514HKK46CV,https://www.amazon.it/dp/B00PZ0QAY0,
FAN86326,,✅ SU WOOCOMMERCE,FAN1086326,,,,,🟠 DEBOLE (17.9%),179,FANOLA COLOR SUPERSCHIARENTI 12.7,999,0514HJZWWMM,https://www.amazon.it/dp/B00PZ0YTDO,
FAN86331,,✅ SU WOOCOMMERCE (codice NON unico),ID-1076059,FAN1096993,NO YELLOW 2-PHASE POTION senza risciacquo 150 ML,12,12,🟡 INCERTO (55.8%),558,FANOLA NUTRI CARE MASCHERA SPRAY SENZA RISCIACQUO 200 ml,14,0109HTY5AE1,https://www.amazon.it/dp/B011PVKT08,
FAN86331,,✅ SU WOOCOMMERCE (codice NON unico),TQ-VC6J-6317,FAN86331,NUTRI ONE 10 AZIONI MASCHERA SPRAY 200 ML NO RISC.(1076059),13,16,🟡 INCERTO (56.1%),561,FANOLA Maschera Spray Ristrutturante Nutri One 10 Azioni 200ml,14,0327FSO0WRK,https://www.amazon.it/dp/B08L4GTGND,
FAN86334,,✅ SU WOOCOMMERCE,1CLQ-6PVB-I69D,FAN86878,MASCHERA CAPELLI RICCI E ONDULATI 1000 ML,7,7,🟡 INCERTO (62.5%),625,Mascarailla ricci e capelli mossi 100ml,999,0424HAFXAXO,https://www.amazon.it/dp/B00PZ0XJ0S,
FAN86335,,🟠 FUZZY DEBOLE - VERIFICA (codice NON unico),FAN1086355,FAN1096802,COLOR KERATIN ORO PURO 9.21,6,6,🟡 INCERTO (67.6%),676,FANOLA COLOR COLOR KERATIN ORO PURO SABBIA 8.31,118,0514HJLUG6N,https://www.amazon.it/dp/B01EJYSS4C,
FAN86338,LO SKU CORRISPONDE AL NS. COD,✅ SU WOOCOMMERCE (codice NON unico),ID-1076337,FAN1076102,POLVERE DECOLORANTE BLU LIGHTENER 450 GR.,7,8,🟡 INCERTO (60.6%),606,Polvere decolorante compatta blu dust free 500gr OroTherapy,184,0109HTXO9YR,https://www.amazon.it/dp/B0CW3GGLDQ,
FAN86338,,✅ SU WOOCOMMERCE (codice NON unico),ID-1076337,FAN86338,DE-COLOR KERATIN 500 GR POLVERE DECOL. BLU (76337),7,8,🟡 INCERTO (60.6%),606,Polvere decolorante compatta blu dust free 500gr OroTherapy,184,0109HTXO9YR,https://www.amazon.it/dp/B0CW3GGLDQ,
FAN86338,,✅ SU WOOCOMMERCE (codice NON unico),WW-JP4M-ATCD,NO43,NOLITA COLOR WHITE,8,8,🟠 DEBOLE (49.2%),492,"FANOLA De-color Compact White 500 g, Multicolore",162,0109HU1K9JQ,https://www.amazon.it/dp/B011PVEUK8,
FAN86353,,✅ SU WOOCOMMERCE,1CLN-OZXO-GUGH,,,,,🟠 DEBOLE (43.2%),432,FANOLA TINTURA ORO THERAPY COLOR KERATIN SENZA AMMONIACA 6.31,118,0423H6HBCVF,https://www.amazon.it/dp/B01EJYP0YS,
FAN86382,,✅ SU WOOCOMMERCE,ID-1086382,FAN86382,KERATERM SHAMPOO 300 ML,17,17,🟢 AFFIDABILE (84.6%),846,Fanola Keraterm Shampoo 300Ml,1255,1223FEQGEDI,https://www.amazon.it/dp/B01DWHOTSG,
FAN86413,,✅ SU WOOCOMMERCE,D8-LRDA-B9BF,,,,,🟠 DEBOLE (42.6%),426,Shampoo Fanola KERATERM Cheratina 1000mL 1L - Disciplina anti-contenzione,162,0327FSIWD5H,https://www.amazon.it/dp/B01DWHQS12,
FAN86424,,✅ SU WOOCOMMERCE (codice NON unico),1CLN-OZYJ-FWON,AH1909,ARTISTIC COLOUR ALL FREE 100ML 1.0,12,12,🟡 INCERTO (61.8%),618,TINTA ORO COLOR KERATING 100ML 1.0,118,0423H6GKRCP,https://www.amazon.it/dp/B00GIMCWX2,
FAN86424,,✅ SU WOOCOMMERCE (codice NON unico),1CLN-OZYJ-FWON,FAN86424,COLOR KERATIN ORO PURO 1.0 NERO,12,12,🟡 INCERTO (61.8%),618,TINTA ORO COLOR KERATING 100ML 1.0,118,0423H6GKRCP,https://www.amazon.it/dp/B00GIMCWX2,
FAN86425,,✅ SU WOOCOMMERCE,NS-CEYX-NLPC,,,,,🟠 DEBOLE (41.8%),418,FANOLA TINTURA ORO THERAPY COLOR KERATIN SENZA AMMONIACA 3.0,118,0331F3P96GK,https://www.amazon.it/dp/B00GIMCYM6,
FAN86426,,✅ SU WOOCOMMERCE,1CLN-OZYJ-FX3G,,,,,🟠 DEBOLE (42.6%),426,FANOLA TINTURA ORO THERAPY COLOR KERATIN SENZA AMMONIACA 4.0,118,0423H6HRBJA,https://www.amazon.it/dp/B00GIMD66O,
FAN86427,,✅ SU WOOCOMMERCE (codice NON unico),UO-7LHO-L2F6,FAN86427,COLOR KERATIN ORO PURO 5.0 CASTANO CHIARO,36,33,🟡 INCERTO (68.4%),684,"Fanola - Tinta 100 ml (5,0 Castano chiaro)",999,0402F9Z9I57,https://www.amazon.it/dp/B07GFQXCN2,
FAN86427,,✅ SU WOOCOMMERCE (codice NON unico),1CLN-OZY4-FK34,,,,,🟠 DEBOLE (41.8%),418,FANOLA TINTURA ORO THERAPY COLOR KERATIN SENZA AMMONIACA 5.0,118,0423H6C1D34,https://www.amazon.it/dp/B00GIMD71I,
FAN86428,,🟡 FUZZY INCERTO - VERIFICA (codice NON unico),DJ-KG0V-VDD3,FAN1096802,COLOR KERATIN ORO PURO 9.21,6,6,🟡 INCERTO (56.2%),562,Fanola Oro Therapy Color Keratin Puro,118,0401F6TVSDQ,https://www.amazon.it/dp/B00GIMD7T0,Fanola Oro Therapy Color Keratin Puro colore 6.0
FAN86429,,✅ SU WOOCOMMERCE,1CLN-OZWR-DD4T,FAN86429,COLOR KERATIN ORO PURO 7.0 BIONDO,28,38,🟡 INCERTO (64.2%),642,FANOLA COLOR COLOR KERATIN ORO PURO NATURALI 7.0,118,0423H6I0K1E,https://www.amazon.it/dp/B00GIMD8RQ,
FAN86430,,✅ SU WOOCOMMERCE (codice NON unico),V4-TUP0-21YU,,,,,🟠 DEBOLE (41.8%),418,FANOLA TINTURA ORO THERAPY COLOR KERATIN SENZA AMMONIACA 8.0,118,0331F3LJVEY,https://www.amazon.it/dp/B00GIMD9P2,
FAN86430,,✅ SU WOOCOMMERCE (codice NON unico),1CLN-OZX7-UPIH,,,,,🟠 DEBOLE (41.8%),418,FANOLA TINTURA ORO THERAPY COLOR KERATIN SENZA AMMONIACA 8.0,118,0423H6HZA5L,https://www.amazon.it/dp/B00GIMD9P2,
FAN86431,,✅ SU WOOCOMMERCE,FAN1086431,,,,,🟠 DEBOLE (43.7%),437,FANOLA TINTURA ORO THERAPY COLOR KERATIN SENZA AMMONIACA 9.0,118,0514HKG0FZW,https://www.amazon.it/dp/B00GIMCXO0,
FAN86432,,✅ SU WOOCOMMERCE,1CLN-OZWR-DCET,AH1909,ARTISTIC COLOUR ALL FREE 100ML 1.0,12,12,🟡 INCERTO (59.7%),597,TINTA ORO COLOR KERATING 100ML 10,118,0423H6C1ZZ5,https://www.amazon.it/dp/B00GIMCZIY,
FAN86433,,✅ SU WOOCOMMERCE,1CLN-OZY4-ET3K,,,,,🟠 DEBOLE (43.7%),437,FANOLA TINTURA ORO THERAPY COLOR KERATIN SENZA AMMONIACA 4.2,118,0423H6O3JMJ,https://www.amazon.it/dp/B00GIMD0TC,
FAN86434,,✅ SU WOOCOMMERCE,1CLN-OZY4-DO9I,,,,,🟠 DEBOLE (43.7%),437,FANOLA TINTURA ORO THERAPY COLOR KERATIN SENZA AMMONIACA 5.2,118,0423H6GKRAB,https://www.amazon.it/dp/B00GIMD1X2,
FAN86436,,✅ SU WOOCOMMERCE,1CLN-OZY4-DUEZ,,,,,🟠 DEBOLE (43.7%),437,FANOLA TINTURA ORO THERAPY COLOR KERATIN SENZA AMMONIACA 5.1,118,0423H6GOITK,https://www.amazon.it/dp/B00GIMD3L2,
FAN86437,,✅ SU WOOCOMMERCE,1CLN-OZY4-FT61,FAN1096802,COLOR KERATIN ORO PURO 9.21,6,6,🟡 INCERTO (68.5%),685,FANOLA COLOR COLOR KERATIN ORO PURO CENERE 6.1,118,0423H6LYRJG,https://www.amazon.it/dp/B01EJXMQRI,
FAN86438,,✅ SU WOOCOMMERCE,1CLN-OZX7-WI25,,,,,🟠 DEBOLE (43.7%),437,FANOLA TINTURA ORO THERAPY COLOR KERATIN SENZA AMMONIACA 7.1,118,0423H6EM3Z4,https://www.amazon.it/dp/B00GIMD4MK,
FAN86439,,✅ SU WOOCOMMERCE,1CLN-OZX7-W5UT,,,,,🟠 DEBOLE (43.7%),437,FANOLA TINTURA ORO THERAPY COLOR KERATIN SENZA AMMONIACA 8.1,118,0423H6OT3DY,https://www.amazon.it/dp/B00GIMD5DS,
FAN86440,,✅ SU WOOCOMMERCE (codice NON unico),1CLN-OZXO-GHUQ,FAN1096802,COLOR KERATIN ORO PURO 9.21,6,6,🟠 DEBOLE (46.0%),46,FANOLA TINTURA ORO THERAPY COLOR KERATIN SENZA AMMONIACA 9.1,118,0423H6L7HHH,https://www.amazon.it/dp/B00GIMDAIS,
FAN86440,,✅ SU WOOCOMMERCE (codice NON unico),1CLN-OZXO-GHUQ,FAN86440,COLOR KERATIN ORO PURO 9.1 BIONDO CHIARISSIMO CENERE,6,6,🟠 DEBOLE (46.0%),46,FANOLA TINTURA ORO THERAPY COLOR KERATIN SENZA AMMONIACA 9.1,118,0423H6L7HHH,https://www.amazon.it/dp/B00GIMDAIS,
FAN86442,,🟠 FUZZY DEBOLE - VERIFICA (codice NON unico),1CLN-OZY4-CNA3,FAN86443,COLOR KERATIN ORO PURO 5.14 CIOCCOLATO EXTRA FONDENTE,2,6,🟡 INCERTO (60.7%),607,"FANOLA COLOR COLOR KERATIN ORO PURO CIOCCOLATO 4.14, 119.9999 grammo, 1",118,0423H6LYM3Z,https://www.amazon.it/dp/B01EJY2PCI,
FAN86443,,✅ SU WOOCOMMERCE,1CLN-OZY4-EO3F,FAN86443,COLOR KERATIN ORO PURO 5.14 CIOCCOLATO EXTRA FONDENTE,2,6,🟡 INCERTO (60.7%),607,"FANOLA COLOR COLOR KERATIN ORO PURO CIOCCOLATO 5.14, 119.9999 grammo, 1",118,0423H6GSW6I,https://www.amazon.it/dp/B01EJY389W,
FAN86444,,✅ SU WOOCOMMERCE,1CLN-OZXO-GMTB,FAN86444,COLOR KERATIN ORO PURO 6.14 CIOCCOLATO FONDENTE,0,6,🟡 INCERTO (69.4%),694,FANOLA COLOR COLOR KERATIN ORO PURO CIOCCOLATO 6.14,118,0423H6KU5CA,https://www.amazon.it/dp/B01EJY3ZM2,
FAN86445,,✅ SU WOOCOMMERCE (codice NON unico),1CLN-OZY4-CVZN,FAN86445,COLOR KERATIN ORO PURO 5.3 CASTANO CHIARO DORATO,2,2,🟡 INCERTO (66.7%),667,FANOLA COLOR COLOR KERATIN ORO PURO DORATI 5.3,118,0423H6EPZVX,https://www.amazon.it/dp/B01EJY6I76,
FAN86445,,✅ SU WOOCOMMERCE (codice NON unico),1CLN-OZY4-CVZN,FAN86610,COLOR KERATIN ORO PURO VIOLA 100 ML,2,2,🟡 INCERTO (66.7%),667,FANOLA COLOR COLOR KERATIN ORO PURO DORATI 5.3,118,0423H6EPZVX,https://www.amazon.it/dp/B01EJY6I76,
FAN86446,,✅ SU WOOCOMMERCE,1086446 - FAN86446,,,,,🟠 DEBOLE (41.4%),414,FANOLA TINTURA ORO THERAPY COLOR KERATIN SENZA AMMONIACA 6.3,118,0430H2QJ60I,https://www.amazon.it/dp/B01EJYA38Q,
FAN86447,,🟠 FUZZY DEBOLE - VERIFICA (codice NON unico),1CLN-OZX7-XUIC,FAN86610,COLOR KERATIN ORO PURO VIOLA 100 ML,2,2,🟡 INCERTO (66.7%),667,FANOLA COLOR COLOR KERATIN ORO PURO DORATI 7.3,118,0423H6OBAWS,https://www.amazon.it/dp/B01EJYDVA8,
FAN86448,,✅ SU WOOCOMMERCE,FAN1086448,,,,,🟠 DEBOLE (41.4%),414,FANOLA TINTURA ORO THERAPY COLOR KERATIN SENZA AMMONIACA 8.3,118,0514HKK46FJ,https://www.amazon.it/dp/B01EJYET9K,
FAN86449,,✅ SU WOOCOMMERCE,1CLN-OZWR-DYUZ,,,,,🟠 DEBOLE (43.7%),437,FANOLA TINTURA ORO THERAPY COLOR KERATIN SENZA AMMONIACA 9.3,118,0423H6L5E7D,https://www.amazon.it/dp/B01EJYFKVG,
FAN86451,,🟡 FUZZY INCERTO - VERIFICA (codice NON unico),1CLN-OZX7-XE25,FAN1076246,WONDER COLOR LOCKER CREMA SIGILLANTE 200 ML,1,1,🟡 INCERTO (53.9%),539,"Fanola Oro Therapy Color Keratin - Crema colorante per capelli, 6.46, 100 ml",118,0423H6ELLTP,https://www.amazon.it/dp/B01EJYX798,
FAN86452,,✅ SU WOOCOMMERCE,1CLN-OZWR-EGID,,,,,🟠 DEBOLE (41.4%),414,FANOLA TINTURA ORO THERAPY COLOR KERATIN SENZA AMMONIACA 7.4,118,0423H6EN99N,https://www.amazon.it/dp/B01EJYZ7I2,
FAN86453,,✅ SU WOOCOMMERCE,1CLN-OZY4-E54P,,,,,🟠 DEBOLE (41.4%),414,FANOLA Tintura Oro Therapy Color Keratin Senza Ammoniaca 4.5,118,0423H6GAXS2,https://www.amazon.it/dp/B01EJZ3440,
FAN86454,,✅ SU WOOCOMMERCE,1CLN-OZY4-EIEI,,,,,🟠 DEBOLE (41.4%),414,FANOLA TINTURA ORO THERAPY COLOR KERATIN SENZA AMMONIACA 5.5,118,0423H6HCW8I,https://www.amazon.it/dp/B01EJZ4CSC,
FAN86456,,✅ SU WOOCOMMERCE,1CLN-OZXO-GP0F,,,,,🟠 DEBOLE (41.4%),414,FANOLA TINTURA ORO THERAPY COLOR KERATIN SENZA AMMONIACA 6.6,1179,0423H6HSI3K,https://www.amazon.it/dp/B01EJZ8ZYE,
FAN86458,,✅ SU WOOCOMMERCE,1CLN-OZX7-VQ4V,FAN1096813,COLOR KERATIN ORO PURO 10.21,6,6,🟠 DEBOLE (47.2%),472,FANOLA TINTURA ORO THERAPY COLOR KERATIN SENZA AMMONIACA 10.1,118,0423H6HGGYF,https://www.amazon.it/dp/B00GIMDB46,
FAN86462,,✅ SU WOOCOMMERCE,FAN1086462,,,,,🟠 DEBOLE (43.8%),438,FANOLA TINTURA ORO THERAPY COLOR KERATIN SENZA AMMONIACA 11.1,118,0514HKKVELM,https://www.amazon.it/dp/B01EJZRGK8,
FAN86463,,✅ SU WOOCOMMERCE,1CLN-OZXO-H8WM,,,,,🟠 DEBOLE (43.8%),438,FANOLA TINTURA ORO THERAPY COLOR KERATIN SENZA AMMONIACA 11.7,118,0423H6I25LO,https://www.amazon.it/dp/B01EJZSOH2,
FAN86467,,✅ SU WOOCOMMERCE (codice NON unico),94-Y8FS-HOIB,FAN86467,GOLD ACTIVATOR 10 VOLUMI 1000 ML,15,18,🟡 INCERTO (51.8%),518,Gold Activator Oro Puro 10 Vol 3% - Attivatore Speciale per Color Keratin - 2X1000 ml,145,0205HCIMY40,https://www.amazon.it/dp/B07PTT7VWW,
FAN86467,,✅ SU WOOCOMMERCE (codice NON unico),NP-A8Y2-36GZ,,,,,🟠 DEBOLE (44.2%),442,"FANOLA, Oro Puro Therapy Gold Activator - Attivatore, 1l, 3%",999,0205HCMI289,https://www.amazon.it/dp/B01EZ5RCTW,
FAN86468,COD. MAG. OK - MA 20 VOLUMI,✅ SU WOOCOMMERCE,NH-OLS6-YMOH,FAN86468,GOLD ACTIVATOR 10 VOLUMI 1000 ML,15,18,🟢 AFFIDABILE (73.2%),732,FANOLA ORO THERAPY GOLD ACTIVATOR 20 VOLUMI 1000ML,999,0205HCEM5E0,https://www.amazon.it/dp/B0DK1Z3ZRM,
FAN86469,,✅ SU WOOCOMMERCE,4X-AM90-BR6S,FAN86469,GOLD ACTIVATOR 30 VOLUMI 1000 ML,9,21,🟢 AFFIDABILE (70.9%),709,Fanola Oro Therapy Gold Activator 30 Vol. 1000Ml,999,0402FA1I6IY,https://www.amazon.it/dp/B01EZ5RE22,
FAN86470,,✅ SU WOOCOMMERCE,FAN1076408,FAN86470,GOLD ACTIVATOR 40 VOLUMI 1000 ML,24,24,🟡 INCERTO (68.3%),683,FANOLA Oro Therapy Gold Activator 40 vol 12% 1000ml,999,0514HJ6WX1Q,https://www.amazon.it/dp/B0DJF6G1QH,"L'Oro Therapy Gold Activator è un'emulsione ossidante professionale da 40 volumi (12%) in formato da 1000ml, specificamente formulata per l'utilizzo con colorazioni permanenti per capelli. Questo attivatore è progettato per garantire una miscelazione ottimale con le tinte, permettendo una copertura efficace e risultati di colorazione uniformi. La concentrazione al 12% lo rende particolarmente indicato per schiariture intense e per ottenere tonalità più chiare rispetto al colore naturale dei capelli. Il formato da un litro è ideale per un uso professionale prolungato, offrendo un'ottima resa e praticità d'impiego. Il prodotto appartiene alla linea Oro Therapy, caratterizzata da formulazioni pensate per trattamenti di colorazione professionale. Si consiglia di seguire attentamente le istruzioni d'uso e di effettuare sempre un test preliminare prima dell'applicazione completa."
FAN86501,,✅ SU WOOCOMMERCE,FAN1086501,,,,,🟠 DEBOLE (43.2%),432,FANOLA TINTURA ORO THERAPY COLOR KERATIN SENZA AMMONIACA 6.13,118,0514HJ6SLAT,https://www.amazon.it/dp/B00GIMDFVA,
FAN86502,,✅ SU WOOCOMMERCE,1086502 - FAN86502,,,,,🟠 DEBOLE (43.2%),432,FANOLA TINTURA ORO THERAPY COLOR KERATIN SENZA AMMONIACA 7.13,118,0430HW8XZ9K,https://www.amazon.it/dp/B00GIMDGPA,
FAN86503,,✅ SU WOOCOMMERCE,1CLN-OZWR-D0I6,,,,,🟠 DEBOLE (43.2%),432,FANOLA TINTURA ORO THERAPY COLOR KERATIN SENZA AMMONIACA 8.13,118,0423H6C38EL,https://www.amazon.it/dp/B01EJXVI8G,
FAN86504,,Verificato - Non caricato (codice NON unico),FAN1086504,FAN1096802,COLOR KERATIN ORO PURO 9.21,6,6,🟠 DEBOLE (45.5%),455,FANOLA TINTURA ORO THERAPY COLOR KERATIN SENZA AMMONIACA 9.13,118,0514HJCGIRI,https://www.amazon.it/dp/B01EJXW2DG,
FAN86580,,✅ SU WOOCOMMERCE,0D-UCNS-VX5Y,FAN86580,KERATERM MASK 300 ML,10,16,🟢 AFFIDABILE (82.6%),826,Fanola Keraterm Mask 300Ml,126,0327FSMQQNO,https://www.amazon.it/dp/B01DWHTXSM,
FAN86581,,✅ SU WOOCOMMERCE (codice NON unico),HN-YLPR-153Q,FAN86581,KERATERM MASK 1000 ML,11,11,🟡 INCERTO (66.7%),667,Fanola Maschera Keraterm Ufficiale 1000 ml,165,1223FF233SV,https://www.amazon.it/dp/B01DWHWSRU,
FAN86581,,✅ SU WOOCOMMERCE (codice NON unico),HN-YLPR-153Q,FAN96385,MASCHERA ANTIGIALLO 1000 ML,11,11,🟡 INCERTO (66.7%),667,Fanola Maschera Keraterm Ufficiale 1000 ml,165,1223FF233SV,https://www.amazon.it/dp/B01DWHWSRU,
FAN86582,,✅ SU WOOCOMMERCE,ID-1086582,FAN86582,KERATERM SPRAY 200 ML,12,11,🟡 INCERTO (50.0%),50,FANOLA Keraterm Disciplinante Keraterm Spray Per Capelli - 200 Ml,142,1223FETAYTP,https://www.amazon.it/dp/B01DWHYOOK,
FAN86605,,✅ SU WOOCOMMERCE,1CLN-OZX7-WV0C,FAN86444,COLOR KERATIN ORO PURO 6.14 CIOCCOLATO FONDENTE,0,6,🟡 INCERTO (69.4%),694,FANOLA COLOR COLOR KERATIN ORO PURO CIOCCOLATO 7.14,118,0423H6C02GN,https://www.amazon.it/dp/B01EJY4Q52,
FAN86608,,✅ SU WOOCOMMERCE,FAN1086608,,,,,🟠 DEBOLE (44.4%),444,FANOLA TINTURA ORO THERAPY COLOR KERATIN SENZA AMMONIACA CORRETTORE ROSSO,118,0514HJKGS87,https://www.amazon.it/dp/B01EK05J2E,
FAN86610,,✅ SU WOOCOMMERCE,FAN1086610,FAN86433,COLOR KERATIN ORO PURO 4.2 CASTANO VIOLA,8,8,🟡 INCERTO (67.4%),674,FANOLA COLOR COLOR KERATIN ORO PURO CORRETTORI VIOLA,118,0514HJ6U929,https://www.amazon.it/dp/B01EK06RR0,
FAN86642,,✅ SU WOOCOMMERCE,NI-FS10-P430,,,,,🟠 DEBOLE (34.2%),342,"Fanola Botolife Keratin Hyaluronic Acid Botugen Reconstructive Shampoo pH 5.5, 300 Ml",125,0327FSJKIFQ,https://www.amazon.it/dp/B00M0SLG2G,
FAN86643,,✅ SU WOOCOMMERCE,PB-F6E9-2OTR,,,,,🟠 DEBOLE (36.5%),365,"FANOLA Reconstructive Shampoo 1000ml Botolife Keratin Hyaluronic Acid Botugen ® Fanola pH 6,5 Ricostruttore con Cheratina e Acido Ialuronico",20,0327FSGDOR6,https://www.amazon.it/dp/B00O3V0B2Y,
FAN86644,,✅ SU WOOCOMMERCE,JC-6IH7-47A5,FAN86644,BOTOLIFE MASK MASCHERA RICOSTRUTTRICE 300 ML,14,10,🟡 INCERTO (63.2%),632,"Fanola Botugen Mask, maschera ristrutturante all'acido ialuronico 300ml",126,0327FSCQ0ZO,https://www.amazon.it/dp/B00M0SIWGO,
FAN86645,,✅ SU WOOCOMMERCE,1L-AKMC-HF5U,FAN86645,BOTOLIFE MASK MASCHERA RICOSTRUTTRICE 1000 ML,12,21,🟡 INCERTO (59.2%),592,"Fanola, Botugen Mask, Maschera Ricostruttrice, Con Acido Ialuronico e Cheratina, 1000 ML",167,0327FSLFHIW,https://www.amazon.it/dp/B00O3V09WG,
FAN86646,,✅ SU WOOCOMMERCE,RN-W4QF-CG9Y,FAN86646,BOTOLIFE FILLER RICOSTRUTTORE SCAT. 150 ML,12,12,🟡 INCERTO (51.9%),519,FANOLA Botugen Ricostruzione Botolife Filler Per Capelli - 150 Ml,20,0327FSK4YQ6,https://www.amazon.it/dp/B00NLC92FI,
FAN86647,,✅ SU WOOCOMMERCE,UY-FLAO-UW30,FAN86647,BOTOLIFE SPRAY 150 ML,10,19,🟢 AFFIDABILE (72.7%),727,Fanola Botolife Filler Spray 150Ml,131,0402FA236IO,https://www.amazon.it/dp/B00M0SNL1K,
FAN86654,,Verificato - Non caricato (codice NON unico),FAN1086654,FAN86657,NEUTRALIZZANTE PER PERMANENTE FANOLA 1000ML,11,10,🟠 DEBOLE (46.6%),466,"Fanola P1 Perm natural normale Hair - permanente per capelli normali, 500 ml",131,0514HJ2FL8E,https://www.amazon.it/dp/B01E5DBQHS,
FAN86655,,✅ SU WOOCOMMERCE,FAN1086655,FAN86654,PERMANENTE 1 FANOLA 500 ML,5,15,🟡 INCERTO (53.8%),538,FANOLA P1S PERMANENTE CAPELLI NATURALI GROSSI 500 ml,131,0514HJ2BVYX,https://www.amazon.it/dp/B01E5D92YM,
FAN86656,,✅ SU WOOCOMMERCE,FAN1086656,FAN86654,PERMANENTE 1 FANOLA 500 ML,5,15,🟡 INCERTO (54.3%),543,FANOLA P2 PERMANENTE CAPELLI COLORATI E TRATTATI 500 ml,131,0514HJZWWN8,https://www.amazon.it/dp/B01E5DVHUE,
FAN86657,,✅ SU WOOCOMMERCE,FAN1086657,FAN86657,NEUTRALIZZANTE PER PERMANENTE FANOLA 1000ML,11,10,🟡 INCERTO (60.9%),609,Fanola Neutralizzante Per Permanenti 1000 Ml Cura della persona e salute,94,0514HJSWORM,https://www.amazon.it/dp/B01E5D2N2A,
FAN86670,,✅ SU WOOCOMMERCE,FAN1086670,FAN86670,CREMA STIRANTE MONODOSE 100 ML + NEUTRALIZZANTE,7,6,🟡 INCERTO (56.5%),565,FANOLA STIRATURA KIT MONODOSE 100+120 ml,124,0514HJLTZS2,https://www.amazon.it/dp/B01E5D0L9W,
FAN86682,,✅ SU WOOCOMMERCE,FAN1076278,FAN86643,BOTOLIFE SHAMPOO RICOSTRUTTORE 1000 ML,13,33,🟠 DEBOLE (48.6%),486,"Fanola Orotherapy, Shampoo Illuminante Per Tutti I Tipi Di Capelli, 1000 ml",145,0514HJ27XOO,https://www.amazon.it/dp/B0C6QXBP8H,
FAN86683,,✅ SU WOOCOMMERCE (codice NON unico),FAN1076280,FAN86645,BOTOLIFE MASK MASCHERA RICOSTRUTTRICE 1000 ML,12,21,🟠 DEBOLE (49.6%),496,"Fanola Orotherapy Gold Mask, Maschera Illuminante per Tutti i Tipi di Capelli, 1000 ml",152,0514HJSWTDV,https://www.amazon.it/dp/B0C1KK45M5,
FAN86683,,✅ SU WOOCOMMERCE (codice NON unico),FAN1076280,FAN86683,MASCHERA ORO PURO 1000 ML ILLUMINANTE (1076280),12,21,🟠 DEBOLE (49.6%),496,"Fanola Orotherapy Gold Mask, Maschera Illuminante per Tutti i Tipi di Capelli, 1000 ml",152,0514HJSWTDV,https://www.amazon.it/dp/B0C1KK45M5,
FAN86687,,✅ SU WOOCOMMERCE (codice NON unico),CK-FO4T-SA1S,FAN86687,LOZ. RISTRUT. S/RISCIACQUO 12 ML x 12 PZ (1076060),9,7,🟡 INCERTO (59.5%),595,Fanola Nutri Care Lozione Ristrutturante Senza Risciacquo Capelli - 144 Ml,186,0326FOX4R3X,https://www.amazon.it/dp/B07XLBBZFN,
FAN86687,,✅ SU WOOCOMMERCE (codice NON unico),CK-FO4T-SA1S,FAN86879,CONDIZIONAT. RISTRUTTURANTE s/risciacquo TUBO 300 ML (1076057),9,7,🟡 INCERTO (59.5%),595,Fanola Nutri Care Lozione Ristrutturante Senza Risciacquo Capelli - 144 Ml,186,0326FOX4R3X,https://www.amazon.it/dp/B07XLBBZFN,
FAN86688,,🟠 FUZZY DEBOLE - VERIFICA (codice NON unico),FAN1096147,FAN1076206,WONDER NO YELLOW SHAMPOO 1000 ML,13,4,🟡 INCERTO (62.1%),621,Fanola | No-Yellow - Shampo tonalizzante antigiallo - 1000 Ml,207,0514HJ2EVPV,https://www.amazon.it/dp/B00CGPMEAQ,
FAN86705,,✅ SU WOOCOMMERCE,1CLQ-6PUD-TRW2,FAN86705,CREMA COLORE 4.00 CASTANO INTENSO FANOLA,9,9,🟢 AFFIDABILE (70.7%),707,"Fanola Color creama colorante n 4.00 castano intenso, 100 ml",999,0424HAEUHVO,https://www.amazon.it/dp/B01E8LSIU0,
FAN86706,,✅ SU WOOCOMMERCE,FAN1086706,FAN8076079,CIOTOLA PER TINTURA FANOLA,5,5,🟡 INCERTO (53.3%),533,FANOLA TINTURA 5.00,999,0514HJLOOQB,https://www.amazon.it/dp/B01E8LTYBC,
FAN86707,,✅ SU WOOCOMMERCE,VD-65AT-1L0E,,,,,🟠 DEBOLE (38.0%),38,"FANOLA Fanola, Colorazione permanente",,0320HBVQJ9C,https://www.amazon.it/dp/B0B9G8BS2N,Fanola Crema Colore per capelli 6/0 – 100 ML - Confezione da 2 Tubi
FAN86708,,✅ SU WOOCOMMERCE,1CLQ-6PWO-7JSJ,FAN86708,CREMA COLORE 7.00 BIONDO INTENSO FANOLA,12,0,🟡 INCERTO (60.2%),602,"Fanola Crema colorante Coloring Cream 7.00 Blond Intensiv, 100 ml",999,0424HAKWGFK,https://www.amazon.it/dp/B01E8MA302,
FAN86709,,✅ SU WOOCOMMERCE (codice NON unico),1CLQ-6PSZ-Z6D0,FAN86007,CREMA COLORE 8.0 BIONDO CHIARO FANOLA,24,32,🟡 INCERTO (54.7%),547,"FANOLA - Crema tintura per capelli, 100 ml, 8,00, biondo chiaro",999,0424HA9EACM,https://www.amazon.it/dp/B01E8MBT64,
FAN86709,SKU RIPETUTO DUE VOLTE. SI RIFERISCE,✅ SU WOOCOMMERCE (codice NON unico),1CLQ-6PTH-3P7W,FAN86709,CREMA COLORE 8.00 BIONDO CHIARO INTENSO FANOLA,12,-1,🟡 INCERTO (66.7%),667,"Fanola Crema colorante Colouring Cream 9.00 Biondo Chiaro Intensivo, 100 ml",999,0424HAF6B5M,https://www.amazon.it/dp/B01E8MDII6,
FAN86803,,✅ SU WOOCOMMERCE,1086803 - FAN86803,,,,,🟠 DEBOLE (15.0%),15,Fanola Oro Therapy Color cheratina 5.00 100 ml,118,0430H2LGP1R,https://www.amazon.it/dp/B07DX74PH4,
FAN86804,SKU RIPETUTO DUE VOLTE. SI RIFERISCE,✅ SU WOOCOMMERCE (codice NON unico),1CLN-OZX7-X53Q,FAN86804,COLOR KERATIN ORO PURO 6.00 BIONDO SCURO INTENSO,9,9,🟡 INCERTO (62.9%),629,FANOLA COLOR COLOR KERATIN ORO PURO NATURALI INTENSI 8.00,118,0423H6GDRZJ,https://www.amazon.it/dp/B01EHQ0OCG,
FAN86804,,✅ SU WOOCOMMERCE (codice NON unico),1CLN-OZXO-GL8G,,,,,🟠 DEBOLE (42.6%),426,FANOLA TINTURA ORO THERAPY COLOR KERATIN SENZA AMMONIACA 6.00,118,0423H6ECEGO,https://www.amazon.it/dp/B01EHPZC0G,
FAN86805,,✅ SU WOOCOMMERCE,1CLN-OZWR-CZ65,,,,,🟠 DEBOLE (42.6%),426,FANOLA TINTURA ORO THERAPY COLOR KERATIN SENZA AMMONIACA 7.00,118,0423H6O0BNZ,https://www.amazon.it/dp/B01EHPZWAQ,
FAN86806,"AD UNA TINTA 8,00",✅ SU WOOCOMMERCE,1CLN-OZX7-X53Q,FAN86806,COLOR KERATIN ORO PURO 8.00 BIONDO CHIARO INTENSO,9,9,🟡 INCERTO (62.9%),629,FANOLA COLOR COLOR KERATIN ORO PURO NATURALI INTENSI 8.00,118,0423H6GDRZJ,https://www.amazon.it/dp/B01EHQ0OCG,
FAN86810,,✅ SU WOOCOMMERCE (codice NON unico),1CLQ-6PTH-3NSZ,FAN86442,COLOR KERATIN ORO PURO 4.14 CACAO,5,5,🟡 INCERTO (56.1%),561,"FANOLA Hair Color - Crema tintura 8.14, cacao, 100 ml",999,0424HADJ7UP,https://www.amazon.it/dp/B00CGPKE80,
FAN86810,,✅ SU WOOCOMMERCE (codice NON unico),1CLQ-6PTH-3NSZ,FAN86810,COLOR KERATIN ORO PURO 8.14 GIANDUIA,5,5,🟡 INCERTO (56.1%),561,"FANOLA Hair Color - Crema tintura 8.14, cacao, 100 ml",999,0424HADJ7UP,https://www.amazon.it/dp/B00CGPKE80,
FAN86810,,✅ SU WOOCOMMERCE (codice NON unico),FAN1086810,,,,,🟠 DEBOLE (43.3%),433,FANOLA TINTURA ORO THERAPY COLOR KERATIN SENZA AMMONIACA 8.14,118,0514HJLQQNV,https://www.amazon.it/dp/B01EJY5I40,
FAN86812,,✅ SU WOOCOMMERCE,1CLN-OZXO-HA2Y,,,,,🟠 DEBOLE (41.4%),414,FANOLA TINTURA ORO THERAPY COLOR KERATIN SENZA AMMONIACA 6.5,118,0423H6C1JTT,https://www.amazon.it/dp/B01EJZ5Q32,
FAN86879,,✅ SU WOOCOMMERCE,Y1-5BWL-XIS8,AH1417,SHAMPOO NUTRI CARE 300 ML,6,6,🟡 INCERTO (58.0%),58,Fanola Nutri Care Leave-in Balsamo da 300 ml,114,0326FP6DWTA,https://www.amazon.it/dp/B01CCSPXFO,
FAN96358,,✅ SU WOOCOMMERCE,1CLQ-6PVB-H38B,,,,,🟠 DEBOLE (37.0%),37,Fanola Tinte 8.2F Rubio claro violeta fantasía 100 mL - Tinte crema colorante permanente para el cabello pelo - Color uniforme y brillante - PROFESIONAL,999,0424HAAMCM3,https://www.amazon.it/dp/B01N5I01EJ,
FAN96361,,✅ SU WOOCOMMERCE,1CLQ-6PVB-HMK1,,,,,🟠 DEBOLE (37.0%),37,Fanola Tinte 9.2F Rubio clarísimo violeta fantasía 100 mL - Tinte crema colorante permanente para el cabello pelo - Color uniforme y brillante - PROFESIONAL,999,0424HABHJVZ,https://www.amazon.it/dp/B01MZ2D4WH,
FAN96362,,✅ SU WOOCOMMERCE,1CLQ-6PVB-HB33,,,,,🟠 DEBOLE (34.8%),348,FANOLA Hair Color 100 ML variazione di Fanola Hair Color 2 10.2 F Blonde Platinum Fantasy Violet,999,0424HAHZVJ6,https://www.amazon.it/dp/B01MZ2D8FR,
FAN96624,,✅ SU WOOCOMMERCE,FAN1096624,FAN96624,CREMA DECOLORANTE VIOLA ANTIGIALLO 500 GR,10,10,🟢 AFFIDABILE (81.6%),816,Fanola No Yellow Crema Decolorante Viola Antigiallo 500gr,258,0704F5G2UKB,https://www.amazon.it/dp/B07BTMTBR9,
FAN96626,CODICE IN DISMISSIONE-NO SITO,✅ SU WOOCOMMERCE,1CLQ-6PUV-8J4E,FAN96626,9 ICE - CREMA COLORANTE ANTIGIALLO 100 ML,3,3,🟡 INCERTO (67.5%),675,"FANOLA - Crema colorante per capelli, 100 ml",999,0424HAIW14G,https://www.amazon.it/dp/B00CGQ3R7O,
FAN96628,,✅ SU WOOCOMMERCE (codice NON unico),FAN1096628,FAN1096888,T.ROSE COLOR TONER 100 ML azione antigiallo bilanciata,0,3,🟡 INCERTO (61.2%),612,No Yellow Color Crema Colorante Azione Antigiallo Bilanciata 100ml S.1202 SUPERSCHIARENTE ANTIGIALLO,126,0514HKMHQ8F,https://www.amazon.it/dp/B07BTKM83M,
FAN96628,,✅ SU WOOCOMMERCE (codice NON unico),FAN1096626,NK800009,GEL RICOSTRUZIONE UV SEMI TRASP BIANCO 15 ML,6,6,🟡 INCERTO (51.9%),519,"ghd Platinum Styler, bianco, 1 unità",126,0514HKJBFRD,https://www.amazon.it/dp/B07BTC7JGX,
FAN96629,,✅ SU WOOCOMMERCE,FAN1096629,FAN86063,CREMA COLORE 11.1 BIONDO PLATINO CENERE FANOLA,27,27,🟡 INCERTO (57.1%),571,CREMA COLORE PER CAPELLI AZIONE ANTIGIALLO 100ML-NO YELLOW COLOR TONER FANOLA (- S.1322 SUPERSC.ANTIGIALLO INT),126,0514HJLQQLZ,https://www.amazon.it/dp/B07BT8X4NV,
FAN96824,,🟡 FUZZY INCERTO - VERIFICA (codice NON unico),FAN1096824,FAN1076103,POLVERE DECOLORANTE VIOLET LIGHTENER 450 GR.,2,6,🟡 INCERTO (51.7%),517,Polvo Decolorante No Yellow Violeta (9Tonos) 500Grs Cura della persona e salute,23,0704F5IAAPI,https://www.amazon.it/dp/B07JQ49HJ8,
ICOM1301,SU AMAZON RIFERITO A CF 6 PZ,✅ SU WOOCOMMERCE,YE-77J2-AG1L,FAN1009357,RIVIT MANI EMULSIONE IGIENIZZANTE MANI 100 ML,19,19,🟠 DEBOLE (45.5%),455,SAPOLE LATTE MANI NATURERB IGIENIZZANTE 500 ML CON DOSATORE - CARTONE DA 6 PEZZI,20,0513FK56DNZ,https://www.amazon.it/dp/B0F8J5DNWZ,SAPOLE LATTE MANI NATURERB IGIENIZZANTE 500 ML CON DOSATORE - CARTONE DA 6 PEZZI
ICOM1307,,✅ SU WOOCOMMERCE,FL-UJU7-MF3J,ICOM1307,BAGNO DOCCIA LATTE 1000 ML NATURERB T/12,157,67,🟡 INCERTO (61.1%),611,BAGNO DOCCIA LATTE NATUREB FLACONE 1.000 ML - CONFEZIONE DA 12 FLACONI,299,0513FK37R86,https://www.amazon.it/dp/B0FHBC2PX5,BAGNO DOCCIA LATTE NATUREB FLACONE 1.000 ML - CONFEZIONE DA 12 FLACONI
ID1100.001,,✅ SU WOOCOMMERCE (codice NON unico),1100001,ID1100.001,TANGA DONNA CONF. 100 PEZZI,75,28,🟡 INCERTO (61.8%),618,Xanitalia TANGA DONNA BIANCO MONOUSO 100PZ,149,0218FO8VPFY,https://www.amazon.it/dp/B0783NW5XX,Xanitalia TANGA DONNA BIANCO MONOUSO 100PZ
ID1100.001,SU AMAZON COSSIPONDE AD UN PACCO DA 2 CONF,✅ SU WOOCOMMERCE (codice NON unico),5L-AFRJ-2XEF,ID1100.001,TANGA DONNA CONF. 100 PEZZI,75,28,🟡 INCERTO (55.9%),559,Xanitalia Tanga Donna Bianco MONOUSO - 2 CONF. 100 PZ (Totale 200 Pezzi),22,0716F7HA2ZE,https://www.amazon.it/dp/B0FHQ4K6G5,Xanitalia TANGA DONNA BIANCO MONOUSO - 2 CONF. 100 PZ (TOTALE 200 PEZZI)
ID1100.001,SU AMAZON COSSIPONDE AD UN PACCO DA 3 CONF,✅ SU WOOCOMMERCE (codice NON unico),WC-YDY3-41AT,ID1100.001,TANGA DONNA CONF. 100 PEZZI,75,28,🟡 INCERTO (54.2%),542,Xanitalia Tanga Donna Bianco MONOUSO - 4 CONF. da 100 PZ (Totale 400 Pezzi),364,0716F7M6KT3,https://www.amazon.it/dp/B0FHPS2FHZ,Xanitalia TANGA DONNA BIANCO MONOUSO - 4 CONF. DA 100 PZ (TOTALE 400 PEZZI)
ID1100.001,SU AMAZON COSSIPONDE AD UN PACCO DA 3 CONF,✅ SU WOOCOMMERCE (codice NON unico),ME-ALIN-6WFF,ID1100.001,TANGA DONNA CONF. 100 PEZZI,75,28,🟡 INCERTO (54.2%),542,Xanitalia Tanga Donna Bianco MONOUSO - 3 CONF. da 100 PZ (Totale 300 Pezzi),294,0716F7DUQ9H,https://www.amazon.it/dp/B0FHQ5HB62,Xanitalia TANGA DONNA BIANCO MONOUSO - 3 CONF. DA 100 PZ (TOTALE 300 PEZZI)
"ID120,021",Corretto Nome,✅ SU WOOCOMMERCE (codice NON unico),T8-XVN6-QXFZ3,"ID120,021",Idema Barattolo Cera Zinco 400 ml. - Confezione da 3 barattoli,12,12,🟡 INCERTO (50.0%),50,Idema Barattolo Cera Zinco 400 ml. - Confezione da 3 barattoli,18,0326FODUBQ8,https://www.amazon.it/dp/B0F2HVR1CQ,Idema Barattolo Cera Zinco 400 ml. - Confezione da 3 barattoli
"ID120,021",SU AMAZON CONFEZIONE DA 2 BARATTOLI,✅ SU WOOCOMMERCE (codice NON unico),T8-XVN6-QXFZ2,ROCER714,CERA BARATTOLO TITANIO ROSA 400 ML - RO,12,12,🟡 INCERTO (50.0%),50,Idema Barattolo Cera Zinco 400 ml. - Confezione da 2 barattoli,146,0325FLR9N42,https://www.amazon.it/dp/B0F2FSZVJK,Idema Barattolo Cera Zinco 400 ml. - Confezione da 2 barattoli
"ID120,021",,✅ SU WOOCOMMERCE (codice NON unico),T8-XVN6-QXFZ,,,,,🟠 DEBOLE (36.6%),366,Idema Latta Cera Zinco 400 ml.,111,0324FIFDM90,https://www.amazon.it/dp/B086R5C9RH,Idema Latta Cera Zinco 400 ml. - Confezione da 2 latte
"ID120,021",VARIANTE DA 2 PEZZI,✅ SU WOOCOMMERCE (codice NON unico),7Z-IDGG-VCDR,,,,,🟠 DEBOLE (28.8%),288,Idema Latta Cera Zinco 400 ml. - Confezione da 2 latte,,0325FLTSHL3,https://www.amazon.it/dp/B0F2FSQVZK,Idema Latta Cera Zinco 400 ml. - Confezione da 2 latte
ID120017,,✅ SU WOOCOMMERCE (codice NON unico),1C-2QYZ-8XJA,ID120017,RICARICA TITANIO RULLO MINI viso 100 ML CRT/24,144,144,🟡 INCERTO (65.9%),659,RICARICA RULLO MICROMICA 100ML - CF 12 PZ,1625,0221FXP59KZ,https://www.amazon.it/dp/B0DY1MVJVQ,RICARICA RULLO MICROMICA 100ML - CF 12 PZ
ID120017,SU AMAZON CONFEZIONE DA 12 CARTUCCE,✅ SU WOOCOMMERCE (codice NON unico),M1-4PX6-90YA,ID120017,RICARICA TITANIO RULLO MINI viso 100 ML CRT/24,144,144,🟠 DEBOLE (49.2%),492,Kit 12 Ricariche Cera Depilatoria Viso Rosa Rullo Grande 12x100ML Cartuccia Roll-On,2284,0221FY2W4A5,https://www.amazon.it/dp/B0DY1SVG7M,Kit 12 Ricariche Cera Depilatoria Viso Rosa Rullo Grande 12x100ML Cartuccia Roll-On
"ID1300,021",,✅ SU WOOCOMMERCE,N9-X5LQ-2G8V,ID1300.021,SPATOLA LEGNO DEPILAZIONE CNF.100 PZ,26,21,🟡 INCERTO (61.2%),612,Xanitalia Spatola In Legno Stendi Cera conf.100pz,97,0410FX1DDKZ,https://www.amazon.it/dp/B095CSMJF3,
"ID1500,001",,✅ SU WOOCOMMERCE,PY-5FLB-9784,ID1500.001,RICARICA TITANIO ROSA PREMIUM HD ALTA RESA 80 ML,427,427,🟡 INCERTO (54.3%),543,RULLO RICARICA PREMIUM TITANIO 80 ML - CF 6 PZ,147,0221FXRH18V,https://www.amazon.it/dp/B0DY1MHYKY,RULLO RICARICA PREMIUM TITANIO 80 ML - CF 6 PZ
"ID1500,100",,✅ SU WOOCOMMERCE,ID-1500.100,ROCER421,CERA CARTUCCIA TITANIO ROSA 100 ML - RO,384,312,🟡 INCERTO (51.3%),513,"CERA DEPILATORIA AL TITANIO ROSA 350 ml IN MICROONDE IN 3"" MINUTI SCALDACERA IN 20"" MINUTI PROFESSIONALE",999,0131FDM40YV,https://www.amazon.it/dp/B01C0QG0NC,"CERA DEPILATORIA AL TITANIO ROSA 350 ml IN MICROONDE IN 3"" MINUTI SCALDACERA IN 20"" MINUTI PROFESSIONALE - CONFEZIONE 2 BARATTOLI"
"ID1500,104",,✅ SU WOOCOMMERCE,ID-1500.204,ID1500.104,CERA LIPO OSSIDO DI ZINCO PREMIUM HD ALTA RESA 350 ML,21,20,🟡 INCERTO (60.5%),605,Cera Liposolubile Premium HD Alta Resa 350ml Xanitalia * Nuovo Barattolo* (Zinco),999,0207FSHRC0T,https://www.amazon.it/dp/B01C0QGNOS,
"ID180,001",SU AMAZON PACCHETTO DA 6 BARATTOLI,✅ SU WOOCOMMERCE (codice NON unico),ID-180.033-6,ID180.033,CERA LIPOSOLUBILE MICROMICA 400 ML BASIC LINE T/24,237,237,🟡 INCERTO (53.5%),535,Basic Line Idema Cera depilatoria liposolubile professionale 400 ml. - CF 6 PZ (6),283,0227FG1PWSV,https://www.amazon.it/dp/B0DYP38963,Basic Line Idema Cera depilatoria liposolubile professionale 400 ml.
"ID180,001",SU AMAZON PACCHETTO DA 6 BARATTOLI,✅ SU WOOCOMMERCE (codice NON unico),3G-KAPE-3OJZ,ID180.033,CERA LIPOSOLUBILE MICROMICA 400 ML BASIC LINE T/24,237,237,🟡 INCERTO (52.8%),528,Basic Line Idema Cera depilatoria liposolubile professionale 400 ml. - CF 6 PZ,,0227FG19F63,https://www.amazon.it/dp/B0DYP2GBH9,Basic Line Idema Cera depilatoria liposolubile professionale 400 ml.
"ID180,001",,✅ SU WOOCOMMERCE (codice NON unico),ID-180.033,,,,,🟠 DEBOLE (40.0%),40,"Idema - Basic Line Cera Depilatoria liposolubile professionale ideale per ogni parte del corpo, Giallo Miele, formato da 400 ML",995,0217FKYP69Y,https://www.amazon.it/dp/B086HPB16D,Basic Line Idema Cera depilatoria liposolubile professionale 400 ml.
"ID180,025",SU AMAZON CONFEZIONE 3 BARATTOLI,✅ SU WOOCOMMERCE,CZ-IRWH-EUB5,ID180.025,CERA LIPOSOLUBILE ROSA AL TITANIO 400 ML BASIC LINE T/24,305,394,🟡 INCERTO (57.4%),574,CERA DEPILATORIA LIPOSOLUBILE TITANIUM - BARATTOLO DA 400 ML - CONFEZIONE DA 3 BARATTOLI,199,0515FRXJUSG,https://www.amazon.it/dp/B0F8R6M9CD,CERA DEPILATORIA LIPOSOLUBILE TITANIUM - BARATTOLO DA 400 ML - CONFEZIONE DA 3 BARATTOLI
"ID180,033",SU AMAZON CONFEZIONE DA 24 BARATTOLI,✅ SU WOOCOMMERCE (codice NON unico),180.033B,ID180.033,CERA LIPOSOLUBILE MICROMICA 400 ML BASIC LINE T/24,237,237,🟢 AFFIDABILE (72.5%),725,CERETTA DEPILATORIA LIPOSOLUBILE MICROMICA 400 ML (24),999,0320F5WTT31,https://www.amazon.it/dp/B0F224JMD9,CERETTA DEPILATORIA BASIC LINE LIPOSOLUBILE 400 ML
"ID180,033",SU AMAZON CONFEZIONE DA 3 BARATTOLI,✅ SU WOOCOMMERCE (codice NON unico),E7-B5K0-C9UF1,ID180.033,CERA LIPOSOLUBILE MICROMICA 400 ML BASIC LINE T/24,237,237,🟡 INCERTO (69.3%),693,CERETTA DEPILATORIA LIPOSOLUBILE MICROMICA 400 ML (3),165,0224F55M7CN,https://www.amazon.it/dp/B0DY7XXB2Q,CERETTA DEPILATORIA BASIC LINE LIPOSOLUBILE 400 ML
"ID180,033",SU AMAZON CONFEZIONE DA 3 BARATTOLI,✅ SU WOOCOMMERCE (codice NON unico),180.033A,ID180.033,CERA LIPOSOLUBILE MICROMICA 400 ML BASIC LINE T/24,237,237,🟡 INCERTO (69.3%),693,CERETTA DEPILATORIA LIPOSOLUBILE MICROMICA 400 ML (3),165,0224F5A7ZST,https://www.amazon.it/dp/B0DY7XXB2Q,CERETTA DEPILATORIA BASIC LINE LIPOSOLUBILE 400 ML
"ID180,033",,✅ SU WOOCOMMERCE (codice NON unico),E7-B5K0-C9UF,ID180.033,CERA LIPOSOLUBILE MICROMICA 400 ML BASIC LINE T/24,237,237,🟡 INCERTO (68.7%),687,CERETTA DEPILATORIA LIPOSOLUBILE MICROMICA 400 ML,805,0217FKRBAZD,https://www.amazon.it/dp/B0DXFHVGYN,CERETTA DEPILATORIA BASIC LINE LIPOSOLUBILE 400 ML
"ID180,033",,✅ SU WOOCOMMERCE (codice NON unico),UM-BVY3-8EJM,ID180.033,CERA LIPOSOLUBILE MICROMICA 400 ML BASIC LINE T/24,237,237,🟡 INCERTO (68.7%),687,CERETTA DEPILATORIA LIPOSOLUBILE MICROMICA 400 ML,,0224F55VGW9,https://www.amazon.it/dp/B0DY7WWZ29,CERETTA DEPILATORIA BASIC LINE LIPOSOLUBILE 400 ML
"ID180,033",SU AMAZON CONFEZIONE DA 24 BARATTOLI,✅ SU WOOCOMMERCE (codice NON unico),RW-3V32-QUX9,ID180.033,CERA LIPOSOLUBILE MICROMICA 400 ML BASIC LINE T/24,237,237,🟡 INCERTO (68.7%),687,CERETTA DEPILATORIA LIPOSOLUBILE MICROMICA 400 ML,,0224F560IQZ,https://www.amazon.it/dp/B0DY7WWZ29,CERETTA DEPILATORIA BASIC LINE LIPOSOLUBILE 400 ML
ID180.033,SLU NON SU AMAZON,🟠 FUZZY DEBOLE - VERIFICA (codice NON unico),180033,ID180.033,CERA LIPOSOLUBILE MICROMICA 400 ML BASIC LINE T/24,237,237,🟡 INCERTO (68.7%),687,CERETTA DEPILATORIA LIPOSOLUBILE MICROMICA 400 ML,805,0224F55UBDU,https://www.amazon.it/dp/B0DXFHVGYN,CERETTA DEPILATORIA BASIC LINE LIPOSOLUBILE 400 ML
ID373.615,,✅ SU WOOCOMMERCE,Z2-X5Z0-HPDP,ID373.615,LIMA 2 FACCE MOON ZEBRA 100/180 CNF 10 PZ,0,28,🟡 INCERTO (57.4%),574,Xanitalia Pro Lima Due Facce Lavabile Zebra Dura 100/180 Pack 10 Pcs - 110 g,158,0221FXX7SSG,https://www.amazon.it/dp/B07YHT8D28,
"ID4441,15",,✅ SU WOOCOMMERCE,ID-4441-15,,,,,🟠 DEBOLE (42.0%),42,Lama Sgorbia Sterile N° 15 Acciaio Kiepe Professional Manicure Pedicure - Confezione 20 lame (15 mm),17,0119HOWNLFP,https://www.amazon.it/dp/B0GHNZBC8M,Lama Sgorbia Sterile N° 15 Acciaio Kiepe Professional Manicure Pedicure - Confezione 20 lame (15 mm)
"ID920,209",SU AMAZON CONF 2 PACCHI,✅ SU WOOCOMMERCE (codice NON unico),50-H9R4-DTCJ,ID180.001,CERA LIPOSOLUBILE GIALLA 400 ML BASIC LINE T/24,134,223,🟠 DEBOLE (48.8%),488,"Cera Brasiliana Liposolubile Gocce Xanitalia, Depilazione senza Strisce, sacchetto1 Kg (Black) - Confezione da 2 sacchetti da 1 Kg",,0403FDLDB7X,https://www.amazon.it/dp/B0F3JHD3F6,"Cera Brasiliana Liposolubile Gocce Xanitalia, Depilazione senza Strisce, Pacco da 1 Kg (Black) - Confezione da 3 pacchi"
"ID920,209",,✅ SU WOOCOMMERCE (codice NON unico),5I-RT0P-GT2Q,ID180.001,CERA LIPOSOLUBILE GIALLA 400 ML BASIC LINE T/24,134,223,🟠 DEBOLE (47.2%),472,"Ceretta Brasiliana, Cera Brasiliana Liposolubile Gocce Xanitalia, Depilazione senza Strisce, 1 Kg (Black)",14,0207FSLRJZN,https://www.amazon.it/dp/B0866796LQ,
"ID920,209",,✅ SU WOOCOMMERCE (codice NON unico),FM-JC29-243H,ID930.655,CERA MULTIDIREZIONALE PASSION FRUIT BUSTA 1000 GR,20,4,🟠 DEBOLE (46.0%),46,Pellet di miele di cera pelabile Xanitalia 1000 Grs,154,0311FENSVB1,https://www.amazon.it/dp/B076DDR2ZS,"Ceretta Brasiliana, Cera Brasiliana Liposolubile Gocce Xanitalia, Depilazione senza Strisce, sacchetto1 Kg (Black) - Confezione da 3 sacchetti"
"ID920,209",,✅ SU WOOCOMMERCE (codice NON unico),FA-3EA8-RYKT,ID930.655,CERA MULTIDIREZIONALE PASSION FRUIT BUSTA 1000 GR,20,4,🟠 DEBOLE (46.0%),46,Pellet di miele di cera pelabile Xanitalia 1000 Grs,154,0328FVWGDRK,https://www.amazon.it/dp/B076DDR2ZS,"Cera Brasiliana Liposolubile Gocce Xanitalia, Depilazione senza Strisce, Pacco da 1 Kg (Black) - Confezione da 3 pacchi"
ID920.300,,✅ SU WOOCOMMERCE (codice NON unico),F1-0RO3-GXM1,ID920.300,OLIO DOPOCERA ARGAN ML.500,23,23,🟢 AFFIDABILE (88.5%),885,"Olio dopocera, Argan, 500 ml",143,0320F5CYXHP,https://www.amazon.it/dp/B07M8TYVTB,OLIO DOPOCERA ARGAN XANITALIA - FLACONE 500 ML.
ID920.300,VARIANTE SU AMAZON DA 3 FLACONI,✅ SU WOOCOMMERCE (codice NON unico),VK-F79A-AB0V,ID920.300,OLIO DOPOCERA ARGAN ML.500,23,23,🟡 INCERTO (53.2%),532,OLIO DOPOCERA ARGAN XANITALIA FLACONE 500 ML - CONFEZIONE DA 3 FLACONI,,0320F5LEMPN,https://www.amazon.it/dp/B0F21XZW6S,OLIO DOPOCERA ARGAN XANITALIA - FLACONE 500 ML.
ID920.300,VARIANTE SU AMAZON DA 3 FLACONI,✅ SU WOOCOMMERCE (codice NON unico),ID-920.300,ID920.300,OLIO DOPOCERA ARGAN ML.500,23,23,🟡 INCERTO (52.1%),521,OLIO DOPOCERA ARGAN XANITALIA FLACONE 500 ML - CONFEZIONE DA 3 FLACONI (3),329,0320F5S81BR,https://www.amazon.it/dp/B0F21XRVGJ,OLIO DOPOCERA ARGAN XANITALIA - FLACONE 500 ML.
"ID930,653",,Verificato - Non caricato (codice NON unico),6O-DF0I-L58Z,ID930.111,CERA LIPOSOLUBILE VERDE CLOROFILLA 400 ML,144,144,🟠 DEBOLE (46.3%),463,Cera Depilatoria Liposolubile Monouso SenzaStrisce - Cocco - Multidirezionale - Senza Colofonia - 1000 gr,213,0226FC7WQTB,https://www.amazon.it/dp/B08MT8HN1Y,Xanitalia Pro Il Multidirezionale Cocco Perfect Touch Film Cera - 1000 Gr - CF 6 PZ
"ID930,654",,✅ SU WOOCOMMERCE,ID-930.654,,,,,🟠 DEBOLE (43.1%),431,Cera Depilatoria Liposolubile Monouso Senza Strisce - Mango - Multidirezionale - Senza Colofonia - 1000 gr,213,0704F53Q9N6,https://www.amazon.it/dp/B08MTN41B2,Xanitalia Pro Il Multidirezionale Mango Perfect Touch Film Cera - Sacchetto 1000 Gr - Confezione da 3 sacchetti
ID930.111,,✅ SU WOOCOMMERCE (codice NON unico),RO-Q7XJ-456P,ID930.111,CERA LIPOSOLUBILE VERDE CLOROFILLA 400 ML,144,144,🟡 INCERTO (63.2%),632,CERETTA DEPILATORIO LIPOSOLUBILE XANITALIA CLOROFILLA - BARATTOLO DA 400 ML,119,0210HS3J11O,https://www.amazon.it/dp/B0GMRVKW3S,CERETTA DEPILATORIO LIPOSOLUBILE XANITALIA CLOROFILLA - BARATTOLO DA 400 ML
ID930.111,,✅ SU WOOCOMMERCE (codice NON unico),JL-LCJR-F739,ID930.111,CERA LIPOSOLUBILE VERDE CLOROFILLA 400 ML,144,144,🟡 INCERTO (63.2%),632,CERETTA DEPILATORIO LIPOSOLUBILE XANITALIA CLOROFILLA - BARATTOLO DA 400 ML,,0227H484XJD,https://www.amazon.it/dp/B0GQHCS973,CERETTA DEPILATORIO LIPOSOLUBILE XANITALIA CLOROFILLA - BARATTOLO DA 400 ML
ID930.652,,✅ SU WOOCOMMERCE (codice NON unico),ID-930.652,ID930.652,CERA MULTIDIREZIONALE LIME BUSTA 1000GR,44,30,🟡 INCERTO (60.6%),606,Xanitalia Pro Il Multidirezionale Lime Perfect Touch Film Cera - 1000 Gr,213,0128F7BYSZ0,https://www.amazon.it/dp/B08C17Y6ZW,Xanitalia Pro Il Multidirezionale Lime Perfect Touch Film Cera sacchetto 1000 Gr - Confezione da 3 sacchetti
ID930.652,VARIANTE AMAZON 3 BUSTE,✅ SU WOOCOMMERCE (codice NON unico),TJ-PPDN-UXS3,ID930.652,CERA MULTIDIREZIONALE LIME BUSTA 1000GR,44,30,🟡 INCERTO (55.5%),555,Xanitalia Pro Il Multidirezionale Lime Perfect Touch Film Cera sacchetto 1000 Gr - Confezione da 3 sacchetti,,0320F5MQ8S6,https://www.amazon.it/dp/B0F221TFQ6,Xanitalia Pro Il Multidirezionale Lime Perfect Touch Film Cera sacchetto 1000 Gr - Confezione da 3 sacchetti
ID930.652,VARIANTE AMAZON 2 BUSTE,✅ SU WOOCOMMERCE (codice NON unico),ID-930.652.2,ID930.652,CERA MULTIDIREZIONALE LIME BUSTA 1000GR,44,30,🟡 INCERTO (55.5%),555,Xanitalia Pro Il Multidirezionale Lime Perfect Touch Film Cera sacchetto 1000 Gr - Confezione da 2 sacchetti,348,0403FDKWZIF,https://www.amazon.it/dp/B0F3JJB6YQ,Xanitalia Pro Il Multidirezionale Lime Perfect Touch Film Cera sacchetto 1000 Gr - Confezione da 2 sacchetti
ID930.652,VARIANTE AMAZON 3 BUSTE,✅ SU WOOCOMMERCE (codice NON unico),ID-930..652.3,ID930.652,CERA MULTIDIREZIONALE LIME BUSTA 1000GR,44,30,🟡 INCERTO (55.5%),555,Xanitalia Pro Il Multidirezionale Lime Perfect Touch Film Cera sacchetto 1000 Gr - Confezione da 3 sacchetti (3),48,0320F5TJ1OD,https://www.amazon.it/dp/B0F221PS4M,Xanitalia Pro Il Multidirezionale Lime Perfect Touch Film Cera sacchetto 1000 Gr - Confezione da 3 sacchetti
ID930.652,VARIANTE AMAZON 6 BUSTE,✅ SU WOOCOMMERCE (codice NON unico),ID-930.652.6,ID930.652,CERA MULTIDIREZIONALE LIME BUSTA 1000GR,44,30,🟡 INCERTO (55.5%),555,Xanitalia Pro Il Multidirezionale Lime Perfect Touch Film Cera sacchetto 1000 Gr - Confezione da 6 sacchetti,90,0408FPUZRYX,https://www.amazon.it/dp/B0F43RNXX5,Xanitalia Pro Il Multidirezionale Lime Perfect Touch Film Cera sacchetto 1000 Gr - Confezione da 6 sacchetti
ID930.653,VARIANTE AMAZON 6 BUSTE,✅ SU WOOCOMMERCE (codice NON unico),ID-930.653-6,ID930.653,CERA MULTIDIREZIONALE COCCO BUSTA 1000GR,3,1,🟡 INCERTO (57.1%),571,Xanitalia Pro Il Multidirezionale Cocco Perfect Touch Film Cera - 1000 Gr - CF 6 PZ,90,0410FWE70UC,https://www.amazon.it/dp/B0F4D4HPJL,Xanitalia Pro Il Multidirezionale Cocco Perfect Touch Film Cera - 1000 Gr - CF 6 PZ
ID930.653,VARIANTE AMAZON 3 BUSTE,✅ SU WOOCOMMERCE (codice NON unico),ID-930.653-3,ID930.653,CERA MULTIDIREZIONALE COCCO BUSTA 1000GR,3,1,🟡 INCERTO (57.1%),571,Xanitalia Pro Il Multidirezionale Cocco Perfect Touch Film Cera - 1000 Gr - CF 3 PZ,48,0725F2716W5,https://www.amazon.it/dp/B0DYP6M3SL,Xanitalia Pro Il Multidirezionale Cocco Perfect Touch Film Cera - 1000 Gr - CF 3 PZ
ID930.653,VARIANTE AMAZON 6 BUSTE,✅ SU WOOCOMMERCE (codice NON unico),QN-037V-M35T,ID930.653,CERA MULTIDIREZIONALE COCCO BUSTA 1000GR,3,1,🟡 INCERTO (57.1%),571,Xanitalia Pro Il Multidirezionale Cocco Perfect Touch Film Cera - 1000 Gr - CF 6 PZ,,0227FGDLIJ5,https://www.amazon.it/dp/B0DYP6LQYC,Xanitalia Pro Il Multidirezionale Cocco Perfect Touch Film Cera - 1000 Gr - CF 6 PZ
ID930.653,VARIANTE AMAZON 2 BUSTE,✅ SU WOOCOMMERCE (codice NON unico),ID-930.653-2,ID930.653,CERA MULTIDIREZIONALE COCCO BUSTA 1000GR,3,1,🟡 INCERTO (57.1%),571,Xanitalia Pro Il Multidirezionale Cocco Perfect Touch Film Cera - 1000 Gr - CF 2 PZ,348,0403FDA4OR8,https://www.amazon.it/dp/B0F3JGT55Z,Xanitalia Pro Il Multidirezionale Cocco Perfect Touch Film Cera - 1000 Gr - CF 2 PZ
ID930.654,SU AMAZON CONF. 6 BUSTE,✅ SU WOOCOMMERCE (codice NON unico),ID-930.652-6,ID930.654,CERA MULTIDIREZIONALE MANGO BUSTA 1000GR,12,12,🟡 INCERTO (55.0%),55,Xanitalia Pro Il Multidirezionale Mango Perfect Touch Film Cera - Sacchetto 1000 Gr - Confezione da 6 sacchetti,90,0704F5FCN0L,https://www.amazon.it/dp/B0FGPSXS1J,Xanitalia Pro Il Multidirezionale Mango Perfect Touch Film Cera - Sacchetto 1000 Gr - Confezione da 6 sacchetti
ID930.654,SU AMAZON CONF. 3 BUSTE,✅ SU WOOCOMMERCE (codice NON unico),ID-930.654-3,ID930.654,CERA MULTIDIREZIONALE MANGO BUSTA 1000GR,12,12,🟡 INCERTO (55.0%),55,Xanitalia Pro Il Multidirezionale Mango Perfect Touch Film Cera - Sacchetto 1000 Gr - Confezione da 3 sacchetti,,0704F58BM60,https://www.amazon.it/dp/B0FGQ23KVN,Xanitalia Pro Il Multidirezionale Mango Perfect Touch Film Cera - Sacchetto 1000 Gr - Confezione da 3 sacchetti
ID930.655,CONFEZIONE SINGOLA,✅ SU WOOCOMMERCE (codice NON unico),ID-930.655,ID930.655,CERA MULTIDIREZIONALE PASSION FRUIT BUSTA 1000 GR,20,4,🟡 INCERTO (51.2%),512,"Xanitalia Pro Il Multidirezionale Frutto Della Passione Perfect Touch Film Cera - 1000 Gr, Bianco",213,0128F7JWYGX,https://www.amazon.it/dp/B08C17YZ9C,Xanitalia Pro Il Multidirezionale Frutto Della Passione Perfect Touch Film Cera - Sacchetto 1000 Gr - Confezione da 6 sacchetti
ID930.655,VARIANTE AMAZON 2 BUSTE,✅ SU WOOCOMMERCE (codice NON unico),ID-930.655.2,ID930.655,CERA MULTIDIREZIONALE PASSION FRUIT BUSTA 1000 GR,20,4,🟡 INCERTO (51.2%),512,Xanitalia Pro Il Multidirezionale Frutto Della Passione Perfect Touch Film Cera - Sacchetto 1000 Gr - Confezione da 2 sacchetti (2),348,0404FGBVZ2T,https://www.amazon.it/dp/B0F3P4V1XZ,Xanitalia Pro Il Multidirezionale Frutto Della Passione Perfect Touch Film Cera - Sacchetto 1000 Gr - Confezione da 6 sacchetti
ID930.655,CODICE VARIANTE AMAZON,✅ SU WOOCOMMERCE (codice NON unico),TA-NF4J-SVRP,ID930.655,CERA MULTIDIREZIONALE PASSION FRUIT BUSTA 1000 GR,20,4,🟡 INCERTO (51.2%),512,Xanitalia Pro Il Multidirezionale Frutto Della Passione Perfect Touch Film Cera - Sacchetto 1000 Gr - Confezione da 6 sacchetti,,0321F9EYH05,https://www.amazon.it/dp/B0F24L6Y4V,Xanitalia Pro Il Multidirezionale Frutto Della Passione Perfect Touch Film Cera - Sacchetto 1000 Gr - Confezione da 6 sacchetti
ID930.655,SU AMAZON CONF. 3 BUSTE,✅ SU WOOCOMMERCE (codice NON unico),ID-930.655.3,ID930.655,CERA MULTIDIREZIONALE PASSION FRUIT BUSTA 1000 GR,20,4,🟡 INCERTO (51.2%),512,Xanitalia Pro Il Multidirezionale Frutto Della Passione Perfect Touch Film Cera - Sacchetto 1000 Gr - Confezione da 3 sacchetti (3),48,0321F995396,https://www.amazon.it/dp/B0F24NV8N1,Xanitalia Pro Il Multidirezionale Frutto Della Passione Perfect Touch Film Cera - Sacchetto 1000 Gr - Confezione da 6 sacchetti
ID930.655,SU AMAZON CONF. 6 BUSTE,✅ SU WOOCOMMERCE (codice NON unico),ID-930.655.6,ID930.655,CERA MULTIDIREZIONALE PASSION FRUIT BUSTA 1000 GR,20,4,🟡 INCERTO (51.2%),512,Xanitalia Pro Il Multidirezionale Frutto Della Passione Perfect Touch Film Cera - Sacchetto 1000 Gr - Confezione da 6 sacchetti,90,0410FWDO3AQ,https://www.amazon.it/dp/B0F4D5DQJB,Xanitalia Pro Il Multidirezionale Frutto Della Passione Perfect Touch Film Cera - Sacchetto 1000 Gr - Confezione da 6 sacchetti
"ID950,322",,✅ SU WOOCOMMERCE,"ID950,322","ID950,322",CREMA ANTIRUGHE PROFESS ACIDO IALURONICO 200 ML,4,4,🟢 AFFIDABILE (71.2%),712,Regea crema anticellulite professionale acido ialuronico caffeina 400ml,199,0521HCPSVJM,https://www.amazon.it/dp/B086VN556W,
"ID950,328",,✅ SU WOOCOMMERCE,"ID950,328",NOR330705,CREMA IDROTONIFICANTE FLUIDA INT. 500 ML,5,5,🟢 AFFIDABILE (85.4%),854,REGEA Crema Idrotonificante Fluida Intensiva 500ml,193,0521HCPMEDH,https://www.amazon.it/dp/B07DYGY6V5,
ID950.303,,✅ SU WOOCOMMERCE,"ID950,303",ID950.303,REGEA CREMA SEBO EQUILIBRANTE GIORNO 250 ML,6,6,🟢 AFFIDABILE (97.6%),976,REGEA Crema Seboequilibrante Giorno 250ml,185,0521HCSUZ22,https://www.amazon.it/dp/B07DY39VV8,
ID950.309,,✅ SU WOOCOMMERCE,"ID950,309",ID950.309,REGEA CREMA MULTIVITAM. ACIDO IALURONICO 250 ML,3,1,🟢 AFFIDABILE (78.3%),783,Regea crema multivitaminica acido ialuronico e collagene marino 250ml,20,0521HCM12L9,https://www.amazon.it/dp/B085F1BZGS,
ID950.311,,✅ SU WOOCOMMERCE,"ID950,311",ID950.311,REGEA MASCHERA LIFT ACTION A. IALURONICO 250 ML,4,2,🟢 AFFIDABILE (77.6%),776,Regea maschera viso lift-action acido ialuronico e semi di cacao 250ml,20,0521HCSUZ2E,https://www.amazon.it/dp/B085F1JNRP,
ID950.313,,✅ SU WOOCOMMERCE,"ID950,313",ID950.313,REGEA MICROGEL CONTORNO OCCHI 100 ML,6,6,🟡 INCERTO (59.3%),593,REGEA Siero Idratazione Profonda 100ml,157,0521HCSUNVX,https://www.amazon.it/dp/B07DY9BY2W,
ID950.314,,✅ SU WOOCOMMERCE,"ID950,314",ID950.314,REGEA LIPOGEL INTENSIVO COLLO DECOLLETE 100 ML,3,3,🟢 AFFIDABILE (95.6%),956,REGEA Lipogel Intensivo Collo-Décolleté 100ml,157,0521HCPT0Q1,https://www.amazon.it/dp/B07DY9QMXZ,
ID950.315,,✅ SU WOOCOMMERCE,"ID950,315",ID950.315,REGEA LATTE DETERGENTE NEUTRO 500 ML,2,1,🟢 AFFIDABILE (98.6%),986,REGEA Latte Detergente Neutro 500ml,192,0521HCMHB5Y,https://www.amazon.it/dp/B07DY2L64D,
ID950.320,,✅ SU WOOCOMMERCE,"ID950,320",ID950.320,REGEA CREMA VISO ABRASIVA SBIANCANTE 250 ML,7,7,🟢 AFFIDABILE (98.8%),988,REGEA Crema Viso Abrasiva Sbiancante 250ml,166,0521HCJCEOQ,https://www.amazon.it/dp/B07DY1JD3W,
ID950.327,,✅ SU WOOCOMMERCE,ID950-327,ID950.327,REGEA FANGO TRATT. COSM. CELLULITE 1000 ML,3,0,🟢 AFFIDABILE (73.8%),738,REGEA Fango Per Trattamento Cosmetico 1000ml,237,0521HCPQT5B,https://www.amazon.it/dp/B07DY6LFQS,
ID950.334,,✅ SU WOOCOMMERCE,"ID950,334",ID950.334,REGEA CREMA MASSAGGIO SPORT CANFORATA 500ML,2,2,🟢 AFFIDABILE (100.0%),100,REGEA Crema Massaggio Sport Canforata 500ml,192,0521HCMB9LD,https://www.amazon.it/dp/B07DYCD5JZ,
ID950.340,,✅ SU WOOCOMMERCE,"ID950,340",ID950.340,REGEA MASCHERA VISO ANTIROSSORE 250 ML,2,2,🟠 DEBOLE (45.8%),458,Maschera viso lenitiva - olio di germe di grano e vitamina E - anti-rossore maschera facciale - programma Sensitive Skin,184,0521HCS88S6,https://www.amazon.it/dp/B08KHJFH7P,
ID950.349,,✅ SU WOOCOMMERCE,"ID950,313",ID950.349,REGEA CRIO LOZIONE BENDAGGIO FREDDO 1000 ML,6,6,🟡 INCERTO (59.3%),593,REGEA Siero Idratazione Profonda 100ml,157,0521HCSUNVX,https://www.amazon.it/dp/B07DY9BY2W,
ID950.355,,✅ SU WOOCOMMERCE,"ID950,355",ID950.355,REGEA CREMA PIEDI DEFATICANTE 500 ML,6,6,🟡 INCERTO (58.5%),585,Crema defaticante per i piedi,198,0521HCWVFVN,https://www.amazon.it/dp/B093BW3553,
ID950.356,,✅ SU WOOCOMMERCE,ID950.356,ID950.356,REGEA CREMA PIEDI DEFATICANTE 100 ML,10,10,DIRETTO (SKU=COD),100,"Regea Crema Defaticante per Piedi, con Aloe Vera, Mentolo ed Eucalipto, Tubetto da 100 ml",113,0521HDW0KSN,https://www.amazon.it/dp/B0H2JPYTG6,"La Crema Defaticante per Piedi Regea è un prodotto specifico formulato per chi soffre di piedi gonfi e pesanti. Arricchita con Aloe Vera, Mentolo ed Eucalipto, questa crema offre una sensazione immediata di freschezza e sollievo, rendendo ogni applicazione un momento di puro benessere. Il formato pratico da 100 ml in tubetto la rende ideale sia per l'uso quotidiano a casa che in viaggio. La sua formula idratante e lenitiva agisce in profondità, aiutando a ridurre la sensazione di stanchezza e pesantezza alle gambe e ai piedi. Perfetta da utilizzare dopo una lunga giornata in piedi o dopo l'attività fisica, questa crema è un alleato indispensabile per il benessere dei tuoi piedi. Applicare la quantità desiderata sui piedi puliti e massaggiare delicatamente fino a completo assorbimento per ottenere i migliori risultati."
ID950.383,,✅ SU WOOCOMMERCE,ID950.383,ID950.383,REGEA OLIO MASSAGGIO MANDORLE DOLCI 500 ML,2,2,DIRETTO (SKU=COD),100,OLIO MASSAGGIO MANDORLE DOLCI REGEA NATURAE - FLACONE DA 500 ML,17,0521HDT3V7Z,https://www.amazon.it/dp/B0H2JQ16FH,OLIO MASSAGGIO MANDORLE DOLCI REGEA NATURAE - FLACONE DA 500 ML
ID950.384,,✅ SU WOOCOMMERCE,ID-950.384,ID950.384,REGEA OLIO MASSAGGIO MANDORLE DOLCI TANICA LT.5,1,1,🟢 AFFIDABILE (71.6%),716,OLIO MASSAGGIO MANDORLE DOLCI REGEA NATURAE - TANICA DA 5.000 ML,70,0521HDX75V6,https://www.amazon.it/dp/B0H2JMGDYM,OLIO MASSAGGIO MANDORLE DOLCI REGEA NATURAE - TANICA DA 5.000 ML
IENLL/L,SU AMAZON VIENE VENDUTA IN CARTONI DA 10 CONFEZIONI,✅ SU WOOCOMMERCE,IENLL/L,IENLL/L,GUANTI NITRILE BLU p.free PALMPRO533 SCT.100 PZ TG.L,0,150,DIRETTO (SKU=COD),100,Generico Guanto in Nitrile Essential 533 - Scatola da 100 Guanti - Confezione da 10 Scatole - Large,424,0527H1R2HIA,https://www.amazon.it/dp/B0H33RNJ8X,GUANTO IN NITRILE ESSENTIAL 533
IENLL/M,SU AMAZON VIENE VENDUTA IN CARTONI DA 10 CONFEZIONI,✅ SU WOOCOMMERCE,IENLL/M,IENLL/M,GUANTI NITRILE BLU p.free PALMPRO533 SCT.100 PZ TG.M,0,250,DIRETTO (SKU=COD),100,Generico Guanto in Nitrile Essential 533 - Scatola da 100 Guanti - Confezione da 10 Scatole - Medio,424,0526HYB14QE,https://www.amazon.it/dp/B0H2ZYZYTS,GUANTO IN NITRILE ESSENTIAL 533
IENLL/S,SU AMAZON VIENE VENDUTA IN CARTONI DA 10 CONFEZIONI,✅ SU WOOCOMMERCE,IENLL/S,IENLL/S,GUANTI NITRILE BLU p.free PALMPRO533 SCT.100 PZ TG.S,0,50,DIRETTO (SKU=COD),100,Generico Guanto in Nitrile Essential 533 - Scatola da 100 Guanti - Confezione da 10 Scatole - Small,424,0526HYB30RI,https://www.amazon.it/dp/B0H2ZZ46HQ,GUANTO IN NITRILE ESSENTIAL 533
IEVSP/L,,✅ SU WOOCOMMERCE (codice NON unico),GUANTI_VINILE,IEVSP/L,GUANTI VINILE p.free PALMPRO 511 SCAT. 100 PZ TG.L,0,50,🟡 INCERTO (53.5%),535,Generico GUANTO IN VINILE ESSENTIAL 511 – TAGLIA S/M/L,,0529H9OMYJT,https://www.amazon.it/dp/B0H39F9JMW,GUANTO IN VINILE ESSENTIAL 511
IEVSP/L,VARIANTE DA 10 CONFEZIONI,✅ SU WOOCOMMERCE (codice NON unico),EVSP-L-10,IEVSP/L,GUANTI VINILE p.free PALMPRO 511 SCAT. 100 PZ TG.L,0,50,🟡 INCERTO (52.7%),527,Generico Guanti in Vinile Essential 511 - Taglia L - Scatola da 100 Guanti - Confezione da 10 Scatole,305,0521HDIACQF,https://www.amazon.it/dp/B0H2JQLBHG,GUANTO IN VINILE ESSENTIAL 511
IEVSP/L,,✅ SU WOOCOMMERCE (codice NON unico),EVSP-L,IEVSP/L,GUANTI VINILE p.free PALMPRO 511 SCAT. 100 PZ TG.L,0,50,🟡 INCERTO (52.7%),527,Generico GUANTO IN VINILE ESSENTIAL 511 - TAGLIA L - SCATOLA DA 100 GUANTI - CONFEZIONE DA 3 SCATOLE,142,0521HDPZLCV,https://www.amazon.it/dp/B0H2JJTVQ8,GUANTO IN VINILE ESSENTIAL 511
IEVSP/L,,✅ SU WOOCOMMERCE (codice NON unico),EVSP-M,IEVSP/L,GUANTI VINILE p.free PALMPRO 511 SCAT. 100 PZ TG.L,0,50,🟡 INCERTO (52.7%),527,Generico GUANTO IN VINILE ESSENTIAL 511 - TAGLIA M - SCATOLA DA 100 GUANTI - CONFEZIONE DA 3 SCATOLE,142,0519H4AN17P,https://www.amazon.it/dp/B0H2BJ133R,GUANTO IN VINILE ESSENTIAL 511
IEVSP/L,VARIANTE DA 6 CONFEZIONI,✅ SU WOOCOMMERCE (codice NON unico),EVSP-M-6,IEVSP/L,GUANTI VINILE p.free PALMPRO 511 SCAT. 100 PZ TG.L,0,50,🟡 INCERTO (52.7%),527,Generico GUANTO IN VINILE ESSENTIAL 511 - TAGLIA M - SCATOLA DA 100 GUANTI - CONFEZIONE DA 6 SCATOLE,205,0519H4872T1,https://www.amazon.it/dp/B0H2BBFQKK,GUANTO IN VINILE ESSENTIAL 511
IEVSP/L,VARIANTE DA 10 CONFEZIONI,✅ SU WOOCOMMERCE (codice NON unico),EVSP-M-10,IEVSP/L,GUANTI VINILE p.free PALMPRO 511 SCAT. 100 PZ TG.L,0,50,🟡 INCERTO (52.7%),527,Generico GUANTO IN VINILE ESSENTIAL 511 - TAGLIA M - SCATOLA DA 100 GUANTI - CONFEZIONE DA 10 SCATOLE,305,0519H4HJCLA,https://www.amazon.it/dp/B0H2BG5K9F,GUANTO IN VINILE ESSENTIAL 511
IEVSP/L,VARIANTE DA 6 CONFEZIONI,✅ SU WOOCOMMERCE (codice NON unico),EVSP-L-6,IEVSP/L,GUANTI VINILE p.free PALMPRO 511 SCAT. 100 PZ TG.L,0,50,🟡 INCERTO (52.7%),527,Generico Guanti in Vinile Essential 511 Monouso - Taglia L - Scatola da 100 Guanti - Confezione da 6 Scatole,205,0521HDUWGD9,https://www.amazon.it/dp/B0H2J7V3V2,GUANTO IN VINILE ESSENTIAL 511
ITM1540N-S,,✅ SU WOOCOMMERCE,WG-7AHG-4501,,,,,🟠 DEBOLE (42.6%),426,SANITEC igiene sicura Bakterio Disinfettante per Ambienti al Profumo di Pino Balsamico,92,0401F76XO2T,https://www.amazon.it/dp/B00NO1R50K,
ITM1541,,✅ SU WOOCOMMERCE,HN-D8U0-W6N5,ITM1541,BAKTERIO DISINFETTANTE PMC TANICA KG 5 CRT/2,305,-1,🟡 INCERTO (54.5%),545,"SANITEC igiene sicura Bakterio - Disinfettante per Ambienti, 5 kg - Pino Balsamico",189,0401F763C5M,https://www.amazon.it/dp/B01E7G0I04,
ITM1821-S,,✅ SU WOOCOMMERCE (codice NON unico),WB-K29Q-GO2E,ITM1821-S,MULTI ACTIV VERDE DISINFETT PMC INODORE ML.750 CRT/6 PZ,332,424,🟡 INCERTO (50.4%),504,"Sanitec, Multi Activ, Sgrassante Disinfettante Multiuso, Ideale per la Disinfezione di Tutte le Superfici a Contatto con Gli Alimenti, Elimina il 99,9% dei Batteri, Presidio Medico Chirurgico, 750 ml",98,0415FBKM3KM,https://www.amazon.it/dp/B00YHIN77E,
ITM1821-S,,✅ SU WOOCOMMERCE (codice NON unico),YL-NI1O-892G,,,,,🟠 DEBOLE (36.1%),361,"Sanitec detergente disinfettante Multi Activ Bagno (6 pezzi) pronto all' uso per superfici ad uso ambientale, 750 ml, Sanitec. alcolico",275,0415FBNX0XB,https://www.amazon.it/dp/B07HQLVZNR,"Sanitec, Multi Activ, Sgrassante Disinfettante Multiuso, Ideale per la Disinfezione di Tutte le Superfici a Contatto con Gli Alimenti, Elimina il 99,9% dei Batteri, Presidio Medico Chirurgico, 750 ml"
J7517908,,✅ SU WOOCOMMERCE,LZ-OJYJ-JVR9,,,,,🟠 DEBOLE (40.0%),40,Diversey 7517908 Cif Bagno 2in1,9,0626FF9LSJ4,https://www.amazon.it/dp/B00BEUQTBO,
"KP4441,1",,✅ SU WOOCOMMERCE,ID-4441-1,,,,,🟠 DEBOLE (43.7%),437,Lama Sgorbia Sterile N° 1 Acciaio Kiepe Professional Manicure Pedicure - Confezione 20 lame (1 mm),17,0116HGG8HXQ,https://www.amazon.it/dp/B0GH84WRMC,Lama Sgorbia Sterile N° 1 Acciaio Kiepe Professional Manicure Pedicure - Confezione 20 lame (1 mm)
"KP4441,2",,✅ SU WOOCOMMERCE,ID-4441-2,,,,,🟠 DEBOLE (43.7%),437,Lama Sgorbia Sterile N° 2 Acciaio Kiepe Professional Manicure Pedicure - Confezione 20 lame (2 mm),17,0119HOIP6SM,https://www.amazon.it/dp/B0GHPHW5PX,Lama Sgorbia Sterile N° 2 Acciaio Kiepe Professional Manicure Pedicure - Confezione 20 lame (2 mm)
"KP4441,6",,✅ SU WOOCOMMERCE,ID-4441-6,,,,,🟠 DEBOLE (43.7%),437,Lama Sgorbia Sterile N° 6 Acciaio Kiepe Professional Manicure Pedicure - Confezione 20 lame (6 mm),17,0119HOOXM96,https://www.amazon.it/dp/B0GHNC4TZN,Lama Sgorbia Sterile N° 1 Acciaio Kiepe Professional Manicure Pedicure - Confezione 20 lame
MD0000,,✅ SU WOOCOMMERCE (codice NON unico),VS-REEX-NBCH,MD0000,PEROXILL 2000 FLAC. KG.1 T/6,5,1,🟠 DEBOLE (45.8%),458,Peroxill 2000 Disinfettante Sterilizzante in Polvere - 1kg,375,0206HF8W3IP,https://www.amazon.it/dp/B07XDZGNWW,Peroxill 2000 Disinfettante Sterilizzante in Polvere - 1kg
MD0000,SU AMAZON CONF 2 FUSTINI,✅ SU WOOCOMMERCE (codice NON unico),FA-F1T8-BFO9,MD05GA0350,SELEKO DISINFETTANTE SPRAY POLIV. ML.500 T/12,7,7,🟠 DEBOLE (46.8%),468,DISINFETTANTE STERILIZZANTE IN POLVERE PEROXILL - FLACONE DA 1 KG - CONFEZIONE DA 2 FLACONI,66,1015FPSVG9W,https://www.amazon.it/dp/B0FWC8VQ8Q,DISINFETTANTE STERILIZZANTE IN POLVERE PEROXILL - FLACONE DA 1 KG - CONFEZIONE DA 2 FLACONI
MD0000,SU AMAZON CONF 2 FUSTINI,✅ SU WOOCOMMERCE (codice NON unico),8Z-GXRA-J2TI,MD05GA0350,SELEKO DISINFETTANTE SPRAY POLIV. ML.500 T/12,7,7,🟠 DEBOLE (46.8%),468,DISINFETTANTE STERILIZZANTE IN POLVERE PEROXILL - FLACONE DA 1 KG - CONFEZIONE DA 2 FLACONI,,1015FPXNC47,https://www.amazon.it/dp/B0FWC6SW19,DISINFETTANTE STERILIZZANTE IN POLVERE PEROXILL - FLACONE DA 1 KG
MD0000,SU AMAZON CONF 2 FUSTINI,✅ SU WOOCOMMERCE (codice NON unico),A0-5YJT-Q71S,MD05GA0350,SELEKO DISINFETTANTE SPRAY POLIV. ML.500 T/12,7,7,🟡 INCERTO (52.3%),523,DISINFETTANTE STERILIZZANTE IN POLVERE PEROXILL - FLACONE DA 1 KG,375,0917FI4LP1B,https://www.amazon.it/dp/B0FRG6G2YF,DISINFETTANTE STERILIZZANTE IN POLVERE PEROXILL - FLACONE DA 1 KG
MD0002,CONVEZIONE DA 3 FUSTINI,✅ SU WOOCOMMERCE (codice NON unico),41-EXYU-EGS4-3,MD0002,PEROXILL 2000 SECCHIELLO KG.2,7,7,🟠 DEBOLE (48.4%),484,Sterilizzante Disinfettante in polvere Peroxill fustino da 2KG - Confezione da 3 fustini,118,0730FGPY3X8,https://www.amazon.it/dp/B0FKGSGC6T,Sterilizzante Disinfettante in polvere Peroxill fustino da 2KG - Confezione da 3 fustini
MD0002,,✅ SU WOOCOMMERCE (codice NON unico),41-EXYU-EGS4,MD05GA0350,SELEKO DISINFETTANTE SPRAY POLIV. ML.500 T/12,7,7,🟡 INCERTO (58.9%),589,Sterilizzante Disinfettante in polvere Peroxill 2KG,453,0303FR0KKM0,https://www.amazon.it/dp/B01G7ESHRK,Sterilizzante Disinfettante in polvere Peroxill 2KG
MD0002,SU AMAZON CF. DA 3 FUSTINI,✅ SU WOOCOMMERCE (codice NON unico),41-EXYU-EGS4-3,MD05GA0350,SELEKO DISINFETTANTE SPRAY POLIV. ML.500 T/12,7,7,🟠 DEBOLE (48.4%),484,Sterilizzante Disinfettante in polvere Peroxill fustino da 2KG - Confezione da 3 fustini,118,0730FGPY3X8,https://www.amazon.it/dp/B0FKGSGC6T,Sterilizzante Disinfettante in polvere Peroxill fustino da 2KG - Confezione da 3 fustini
MD0002,SU AMAZON CF. DA 2 FUSTINI,✅ SU WOOCOMMERCE (codice NON unico),GX-92TY-TOBS,MD05GA0350,SELEKO DISINFETTANTE SPRAY POLIV. ML.500 T/12,7,7,🟠 DEBOLE (48.4%),484,Sterilizzante Disinfettante in polvere Peroxill fustino da 2KG - Confezione da 2 fustini,99,0403FDFLUJX,https://www.amazon.it/dp/B0F3JFHVV9,Sterilizzante Disinfettante in polvere Peroxill 2KG
MD0002,SU AMAZON CF. DA 2 FUSTINI,✅ SU WOOCOMMERCE (codice NON unico),YW-YW1H-GCX3,MD05GA0350,SELEKO DISINFETTANTE SPRAY POLIV. ML.500 T/12,7,7,🟠 DEBOLE (45.2%),452,"Sterilizzante Disinfettante in polvere Peroxill 2KG - Confezione da 2 fustini da 2 Kg (2, 2 FUSTINI)",795,0224HQ5OVIE,https://www.amazon.it/dp/B0F3JG8XJ2,Sterilizzante Disinfettante in polvere Peroxill 2KG
MD0002,SU AMAZON CF. DA 2 FUSTINI,✅ SU WOOCOMMERCE (codice NON unico),41-EXYU-EGS4-2,MD05GA0350,SELEKO DISINFETTANTE SPRAY POLIV. ML.500 T/12,7,7,🟠 DEBOLE (45.2%),452,"Sterilizzante Disinfettante in polvere Peroxill 2KG - Confezione da 2 fustini da 2 Kg (2, 2 FUSTINI)",795,0403FDJ6IQQ,https://www.amazon.it/dp/B0F3JG8XJ2,Sterilizzante Disinfettante in polvere Peroxill 2KG
MD0002,,✅ SU WOOCOMMERCE (codice NON unico),PA-BIWA-MDQK,MD05GA0350,SELEKO DISINFETTANTE SPRAY POLIV. ML.500 T/12,7,7,🟡 INCERTO (58.9%),589,Sterilizzante Disinfettante in polvere Peroxill 2KG,,0212HXW8UAA,https://www.amazon.it/dp/B0GN3HG7JG,Sterilizzante Disinfettante in polvere Peroxill 2KG
MD0145,,✅ SU WOOCOMMERCE,CW-53EU-VBXK,AR500,ZINCOVER pasta all'ossido di zinco BARATTOLO KG.1,88,88,🟡 INCERTO (54.2%),542,LENYDERM TUBO DA 150 ML - PASTA SPECIALE ALL'OSSIDO DI ZINCO,139,0616FGN0Z7Z,https://www.amazon.it/dp/B0FDB8K963,LENYDERM TUBO DA 150 ML - PASTA SPECIALE ALL'OSSIDO DI ZINCO
MD01AM0010,,✅ SU WOOCOMMERCE,U4-KDII-ERC0,,,,,🟠 DEBOLE (39.6%),396,Disinfettante liquido concentrato per superfici DECS PURO - Flacone 1.000 ml,12,0407H8IF4O4,https://www.amazon.it/dp/B0GWF2PTWG,Disinfettante liquido concentrato per superfici DECS PURO - Flacone 1.000 ml
MD0210,,✅ SU WOOCOMMERCE (codice NON unico),BACSINE,ITM1540N-S,BAKTERIO DISINFETTANTE PMC FLAC. LT 1 CRT/6,568,163,🟡 INCERTO (55.7%),557,BACTISINE ALCOLICO - DISINFETTANTE STRUMENTI CHIRURGICI - FLACONE DA 1.000 ML,133,0715F4AH3OG,https://www.amazon.it/dp/B0FHKTF9WH,BACTISINE ALCOLICO - DISINFETTANTE STRUMENTI CHIRURGICI - FLACONE DA 1.000 ML
MD0210,,✅ SU WOOCOMMERCE (codice NON unico),BACSINE,MD0210,BACTISINE ALCOOLICO 2000 LT.1 CRT. 12 PZ,568,163,🟡 INCERTO (55.7%),557,BACTISINE ALCOLICO - DISINFETTANTE STRUMENTI CHIRURGICI - FLACONE DA 1.000 ML,133,0715F4AH3OG,https://www.amazon.it/dp/B0FHKTF9WH,BACTISINE ALCOLICO - DISINFETTANTE STRUMENTI CHIRURGICI - FLACONE DA 1.000 ML
MD0213,,✅ SU WOOCOMMERCE,ID-BACSAN,PH300013,SOLUZIONE FISIOLOGICA FLACONE ML.500,36,26,🟡 INCERTO (53.3%),533,BACTISAN SPRAY - SOLUZIONE IDROALCOLICA PRONTA ALL'USO - FLACONE DA 1.000,146,0715F48DG7M,https://www.amazon.it/dp/B0FHKRC7D1,BACTISAN SPRAY - SOLUZIONE IDROALCOLICA PRONTA ALL'USO - FLACONE DA 1.000
MD0496,,✅ SU WOOCOMMERCE,CP-Q4B2-K4X7,,,,,🟠 DEBOLE (40.7%),407,HYGIENBAR CPR WASHING TAB - Detergente Tazzine e Bicchieri per Macchine Automatiche - Confezione da 160 Compresse,3671,0407H8VKPZ9,https://www.amazon.it/dp/B0GWF8YNG9,HYGIENBAR CPR WASHING TAB - Detergente tazzine e bicchiere per macchine automatoche - Confezione da 160 compresse
MD04LH0010,,✅ SU WOOCOMMERCE,8U-PAUT-PO42,MD04LH0010,SALVIETTE BACTISAN WIPE 2000 disinfett disp medici CONF. 72 PZ,0,12,🟡 INCERTO (58.7%),587,BACTISN WIPE 2000 - Salviette disinfettanti - Confezione 72 salviette,145,0203H4FQLOU,https://www.amazon.it/dp/B0GL8T26FL,BACTISN WIPE 2000 - Salviette disinfettanti - Confezione 72 salviette
MD06BE0181,,✅ SU WOOCOMMERCE,AM-DERMACLYN,MD06BE0181,DERMACLYN FLACONE LT.1 CRT.12 PZ,41,41,🟠 DEBOLE (47.2%),472,"DERMACLYN - DERMODETERGENTE LIQUIDO PH 5,5 - FLACONE 1.000 ML",149,0617FK09QA9,https://www.amazon.it/dp/B0FDGP2KYY,"DERMACLYN - DERMODETERGENTE LIQUIDO PH 5,5 - FLACONE 1.000 ML"
MD07AX0401,,✅ SU WOOCOMMERCE,ID-07AX0401,,,,,🟠 DEBOLE (44.9%),449,PULITORE RAPIDO PER FRIGGITRICI FRY COMPRESSE - CONF. DA 25 COMPRESSE,196,0109HU6W3G3,https://www.amazon.it/dp/B0GFX9NVJY,PULITORE RAPIDO PER FRIGGITRICI -CONFEZIONE DA 25 COMPRESSE
MD07GA0020,,✅ SU WOOCOMMERCE,OQ-HIYR-BIEQ,MD07GA0020,CLORHYGIEN PLUS BARATTOLO 333 CPS DA GR.3 T/6,8,27,🟠 DEBOLE (48.0%),48,AMEDICS Pastiglie di Cloro CLORHYGIEN Plus Igienizzante clorattivo 333 compresse,304,0407H8M457O,https://www.amazon.it/dp/B07DFGSMLZ,"Le pastiglie di cloro CLORHYGIEN Plus rappresentano una soluzione igienizzante efficace a base di cloro attivo, ideale per garantire la pulizia e la disinfezione di superfici e ambienti. La confezione contiene 333 compresse, offrendo un'ampia disponibilità per un utilizzo prolungato. Questo prodotto igienizzante è formulato per rilasciare cloro attivo in modo controllato, assicurando un'azione disinfettante costante. Le compresse sono pratiche da dosare e utilizzare, permettendo di preparare soluzioni igienizzanti secondo le necessità specifiche. Il formato in pastiglie facilita la conservazione e il trasporto del prodotto, mantenendo inalterate le proprietà igienizzanti nel tempo. Adatto per l'utilizzo in diversi contesti dove è richiesta un'igienizzazione accurata e professionale."
MDLHSTERUPSG075,,✅ SU WOOCOMMERCE,A1-QA9P-CI05,,,,,🟠 DEBOLE (39.3%),393,STER UP Sgrassatore - Detergente disinfettante a base d sali di ammonio quaternario - Flacone 750 ml,128,0407H8WTML3,https://www.amazon.it/dp/B0GWFJK4L7,STER UP Sgrassatore - Detergente disinfettante a base d sali di ammonio quaternario - Flacone 750 ml
MECB614,,✅ SU WOOCOMMERCE,MECB614,MECB614,SACCHI BIODEGRADABILI 74x110 LT.110 CRT. 300 PZ,9,19,DIRETTO (SKU=COD),100,SACCO PER RIFIUTI ORGANICI IN FECOLA DI PATATE CM 74x110 - BIODEGRADABILE - CONFEZIONI DA 20 SACCHI,16,0528H7F6LAP,https://www.amazon.it/dp/B0H37J18KP,SACCO PER RIFIUTI ORGANICI IN FECOLA DI PATATE CM 74x110 - BIODEGRADABILE - CONFEZIONI DA 20 SACCHI
PH8601,,✅ SU WOOCOMMERCE,PH8601,PH8601,PACCO REINTEGRO cat.C fino a 2 PERSONE,1,1,DIRETTO (SKU=COD),100,"Pacco di reintegro per tutti i kit di pronto soccorso appartenenti alla catagoria C, Allegato 2.",21,0526HXNNIR6,https://www.amazon.it/dp/B0H2ZCVBR2,"Pacco di reintegro per tutti i kit di pronto soccorso appartenenti alla catagoria C, Allegato 2. Contenuto conforme al D.Lgs. n. 81/2008 – All. 2 D.M. 388/2003 Gruppo C per aziende o unità produttive con meno di tre lavoratori e per lavoratori che prestano la propria attività fuori dalla sede aziendale."
PH9601/NS,,✅ SU WOOCOMMERCE,PH9601/NS,PH9601/NS,PACCO REINTEGRO CAT.A-B per 3 o + persone senza sfigmomanometro,1,-8,DIRETTO (SKU=COD),100,"Pacco Reintegro Pronto Soccorso Cat. AB Allegato 1 Senza Misuratore, Conforme D.Lgs. 81/2008, Bianco e Arancione",50,0526HXXZ7ML,https://www.amazon.it/dp/B0H2ZHK64C,"Il Pacco Reintegro AB senza misuratore è la soluzione ideale per reintegrare i materiali esauriti nei kit di pronto soccorso di categoria A e B, Allegato 1. Conforme al D.Lgs. n. 81/2008 e al D.M. 388/2003, è destinato ad aziende o unità produttive con 3 o più lavoratori, nonché per lavoratori che operano fuori dalla sede aziendale. Il kit include 14 componenti essenziali per il pronto soccorso, tra cui materiali sterili, garze, cerotti assortiti, forbici, termometro digitale, soluzione salina, Povi Iodine, cotone idrofilo, mascherina con visiera, borsa per rifiuti sanitari e molto altro. Il tutto è contenuto in una pratica confezione di dimensioni 35 x 30 x 10 cm, con un peso di circa 1500 grammi. I materiali sono di alta qualità, conformi alle normative vigenti, e garantiscono un intervento rapido ed efficace in caso di emergenza. Prodotto in Italia da Pharmadie Srl."
ROCER421,,✅ SU WOOCOMMERCE (codice NON unico),BA-GLE1-THAM,ID180.025,CERA LIPOSOLUBILE ROSA AL TITANIO 400 ML BASIC LINE T/24,305,394,🟠 DEBOLE (47.0%),47,CARTUCCIA CERA DEPILATORIA 100 ML TITANIO ROSA RO.IAL - CONFEZIONE 24 CARTUCCE,319,0515FRZ523I,https://www.amazon.it/dp/B0F8R6GTMQ,CARTUCCIA CERA DEPILATORIA 100 ML TITANIO ROSA RO.IAL - CONFEZIONE 24 CARTUCCE
ROCER421,SU AMAZON IN CONFEZINE DA 24 BARATTOLI,✅ SU WOOCOMMERCE (codice NON unico),ID-1500.100-24,ROCER421,CERA CARTUCCIA TITANIO ROSA 100 ML - RO,384,312,🟡 INCERTO (51.3%),513,"CERA DEPILATORIA AL TITANIO ROSA BARATTOLO 350 ml IN MICROONDE IN 3"" MINUTI SCALDACERA IN 20"" MINUTI PROFESSIONALE - CARTONE DA 24 BARATTOLI (24)",83,0320F5Y969H,https://www.amazon.it/dp/B0F227TRNV,"CERA DEPILATORIA AL TITANIO ROSA 350 ml IN MICROONDE IN 3"" MINUTI SCALDACERA IN 20"" MINUTI PROFESSIONALE - CONFEZIONE 2 BARATTOLI"
ROCER421,SU AMAZON IN CONFEZINE DA 24 BARATTOLI,✅ SU WOOCOMMERCE (codice NON unico),HX-M781-DJJP,ROCER421,CERA CARTUCCIA TITANIO ROSA 100 ML - RO,384,312,🟡 INCERTO (51.3%),513,"CERA DEPILATORIA AL TITANIO ROSA BARATTOLO 350 ml IN MICROONDE IN 3"" MINUTI SCALDACERA IN 20"" MINUTI PROFESSIONALE - CARTONE DA 24 BARATTOLI",,0319F27EB8A,https://www.amazon.it/dp/B0F1YQF49L,"CERA DEPILATORIA AL TITANIO ROSA 350 ml IN MICROONDE IN 3"" MINUTI SCALDACERA IN 20"" MINUTI PROFESSIONALE - CONFEZIONE 2 BARATTOLI"
ROCER421,SU AMAZON IN CONFEZINE DA 2 BARATTOLI,✅ SU WOOCOMMERCE (codice NON unico),ID-1500.100-2,ROCER421,CERA CARTUCCIA TITANIO ROSA 100 ML - RO,384,312,🟡 INCERTO (51.3%),513,"CERA DEPILATORIA AL TITANIO ROSA 350 ml IN MICROONDE IN 3"" MINUTI SCALDACERA IN 20"" MINUTI PROFESSIONALE - CONFEZIONE 2 BARATTOLI (2)",135,0319F2C6IYP,https://www.amazon.it/dp/B0F1YSMW67,"CERA DEPILATORIA AL TITANIO ROSA 350 ml IN MICROONDE IN 3"" MINUTI SCALDACERA IN 20"" MINUTI PROFESSIONALE - CONFEZIONE 2 BARATTOLI"
RODEP536,,✅ SU WOOCOMMERCE (codice NON unico),37-72JO-CF83,RODEP536,ROTOLO DEPILAZIONE N100 CRT. 24 ROTOLI,29,35,🟡 INCERTO (60.0%),60,"Ro.ial. - Rotolo Per Epilazione in TNT, 1 Pezzo",139,0513FK9TZLW,https://www.amazon.it/dp/B00FA11MIS,
RODEP536,SU AMAZON CONFEZIONE 3 ROTOLI,✅ SU WOOCOMMERCE (codice NON unico),0U-6Z8X-C4UO,RODEP536,ROTOLO DEPILAZIONE N100 CRT. 24 ROTOLI,29,35,🟡 INCERTO (57.8%),578,Ro.ial. - ROTOLO PER EPILAZIONE IN TNT - CF. 3 PEZZI,236,0514FNREJU9,https://www.amazon.it/dp/B0F8NW3D73,Ro.ial. - ROTOLO PER EPILAZIONE IN TNT - CF. 3 PEZZI
RODEP536,SU AMAZON CONFEZIONE 6 ROTOLI,✅ SU WOOCOMMERCE (codice NON unico),TQ-YYHJ-IBCC,RODEP536,ROTOLO DEPILAZIONE N100 CRT. 24 ROTOLI,29,35,🟡 INCERTO (57.8%),578,Ro.ial. - ROTOLO PER EPILAZIONE IN TNT - CF. 6 PEZZI,395,0514FNZW1MW,https://www.amazon.it/dp/B0F8NVX7R5,Ro.ial. - ROTOLO PER EPILAZIONE IN TNT - CF. 6 PEZZI
RODEP539,,✅ SU WOOCOMMERCE,Q8-6ORH-I73M,BYEPL00504,OLIO POST-EPILAZIONE 1000 ML,6,6,🟠 DEBOLE (49.3%),493,STRISCETTE EPILAZIONE TNT CM 7 X 20 - CF 800 PZ,1848,0221FXRVDYF,https://www.amazon.it/dp/B0DY1PN3K8,STRISCETTE EPILAZIONE TNT CM 7 X 20 - CF 800 PZ
ROK462,,✅ SU WOOCOMMERCE (codice NON unico),TF-8474-F3YH,KP4441.1,SGORBIA MONOUSO 1mm CONF. 20 PZ,6,6,🟡 INCERTO (57.9%),579,Generico KIMONO MONOUSO NERO UNISEX - CONF. 10 PZ.,146,0220FUHAXU5,https://www.amazon.it/dp/B0DXVHP17B,
ROK462,,✅ SU WOOCOMMERCE (codice NON unico),TF-8474-F3YH,ROK462,KIMONO TNT NERO CONF. SINGOLARMENTE,6,6,🟡 INCERTO (57.9%),579,Generico KIMONO MONOUSO NERO UNISEX - CONF. 10 PZ.,146,0220FUHAXU5,https://www.amazon.it/dp/B0DXVHP17B,
SIGBBC003BIO50BOL,,✅ SU WOOCOMMERCE (codice NON unico),GZ-KWNZ-YFWJ,,,,,🟠 DEBOLE (35.7%),357,Generico PIATTO FONDO 680 ML IN FIBRA DI CANNA DA ZUCCHERO - COMPOSTABILE E BIODEGRADABILE - CF. 50 PIATTI,128,0507F25GHNC,https://www.amazon.it/dp/B0F7RLGT9X,PIATTO FONDO 680 ML IN FIBRA DI CANNA DA ZUCCHERO - COMPOSTABILE E BIODEGRADABILE - CF. 50 PIATTI
SIGBBC003BIO50BOL,SU AMAZON CARTONE DA 20 CONFEZIONI,✅ SU WOOCOMMERCE (codice NON unico),VH-0O9W-RFWT,,,,,🟠 DEBOLE (35.7%),357,Generico PIATTO FONDO 680 ML IN FIBRA DI CANNA DA ZUCCHERO - COMPOSTABILE E BIODEGRADABILE - CF. 1000 PIATTI,107,0613F8PIFPX,https://www.amazon.it/dp/B0FD3WSQMB,PIATTO FONDO 680 ML IN FIBRA DI CANNA DA ZUCCHERO - COMPOSTABILE E BIODEGRADABILE - CF. 1000 PIATTI
SIGBPC003BIO50B,,✅ SU WOOCOMMERCE (codice NON unico),QU-0ZLC-DESU,,,,,🟠 DEBOLE (44.6%),446,Generico PIATTO LISCIO DIAM. 22 CM IN POLPA DI CELLULOSA BIODEGRADABILE E COMPOSTABILE - CONF. DA 500 PEZZI,569,0613F8O6ZSZ,https://www.amazon.it/dp/B0FD3W66QH,PIATTO LISCIO DIAM. 22 CM IN POLPA DI CELLULOSA BIODEGRADABILE E COMPOSTABILE - CONF. DA 500 PEZZI
SIGBPC003BIO50B,SU AMAZON CONF DA 10 PACCHI,✅ SU WOOCOMMERCE (codice NON unico),05-E6F2-HJ4X,,,,,🟠 DEBOLE (44.6%),446,Generico PIATTO LISCIO DIAM. 22 CM IN POLPA DI CELLULOSA BIODEGRADABILE E COMPOSTABILE - CONF. 50 PIATTI,125,0507F2681TE,https://www.amazon.it/dp/B0F7RK2PRL,PIATTO LISCIO DIAM. 22 CM IN POLPA DI CELLULOSA BIODEGRADABILE E COMPOSTABILE - CONF. 50 PIATTI
SM0217/10,,✅ SU WOOCOMMERCE,T3-LCZ3-GO1K,,,,,🟠 DEBOLE (44.4%),444,"FORCHETTA SIAM QUALITY BIODEGRADABILE E COMPOSTABILE LUNGHEZZA 16,5 CM - CONFEZIONE DA 50 PEZZI",107,0507F2A5SDW,https://www.amazon.it/dp/B0F7RL5GDX,"FORCHETTA SIAM QUALITY BIODEGRADABILE E COMPOSTABILE LUNGHEZZA 16,5 CM - CONFEZIONE DA 50 PEZZI"
SM0217/11,,✅ SU WOOCOMMERCE,UA-G64M-OTKD,,,,,🟠 DEBOLE (44.6%),446,"Generico COLTELLI SIAM QUALITY BIODEGRADABILE E COMPOSTABILE LUNGHEZZA 16,5 CM - CONFEZIONE DA 50 PEZZI",107,0508F50W7JT,https://www.amazon.it/dp/B0F7XM8SMF,"COLTELLI SIAM QUALITY BIODEGRADABILE E COMPOSTABILE LUNGHEZZA 16,5 CM - CONFEZIONE DA 50 PEZZI"
VD11705,SU AMMAZON CF. 20 PACCHETTI,✅ SU WOOCOMMERCE (codice NON unico),M0-MERY-HFU0,,,,,🟠 DEBOLE (40.3%),403,BIS DI POSATE BIANCHE IMBUSTATE CON TOVAGLIO 2 VELI - BIODEGRADABILI E COMPOSTABILI - CONFEZIONE DA 500 PEZZI,81,0512FGOIVHH,https://www.amazon.it/dp/B0F8BR3RRV,BIS DI POSATE BIANCHE IMBUSTATE CON TOVAGLIO 2 VELI - BIODEGRADABILI E COMPOSTABILI - CONFEZIONE DA 500 PEZZI
VD11705,,✅ SU WOOCOMMERCE (codice NON unico),KQ-XQXP-A4PS,,,,,🟠 DEBOLE (33.8%),338,BIS DI POSATE BIANCHE IMBUSTATE CON TOVAGLIOLI 2 VELI - BIODEGRADABILI E COMPOSTABILI - CONFEZIONE DA 25 PEZZI,146,0612F47AJEG,https://www.amazon.it/dp/B0FCY3VFG7,BIS DI POSATE BIANCHE IMBUSTATE CON TOVAGLIOLI 2 VELI - BIODEGRADABILI E COMPOSTABILI - CONFEZIONE DA 25 PEZZI
,FAMIGLIA DI VARIANTI,Verificato - Non caricato,BN-O06R-TS8T,,,,,🟠 DEBOLE (44.6%),446,Generico PIATTO LISCIO DIAM. 22 CM IN POLPA DI CELLULOSA BIODEGRADABILE E COMPOSTABILE - CONF. 500 PIATTI,,0617FJENZ4W,https://www.amazon.it/dp/B0FDGB2YJM,PIATTO LISCIO DIAM. 22 CM IN POLPA DI CELLULOSA BIODEGRADABILE E COMPOSTABILE - CONF. 50 PIATTI
,NON PIU' IN VENDITA,Verificato - Non caricato,KV-1G86-CBIB,,,,,🟠 DEBOLE (44.4%),444,"CUCCHIAIO SIAM QUALITY BIODEGRADABILE E COMPOSTABILE LUNGHEZZA 16,5 CM - CONFEZIONE DA 50 PEZZI",104,0507F29YQQN,https://www.amazon.it/dp/B0F7RM8GG8,"CUCCHIAIO SIAM QUALITY BIODEGRADABILE E COMPOSTABILE LUNGHEZZA 16,5 CM - CONFEZIONE DA 50 PEZZI"
,SKU VARIANTE,Verificato - Non caricato,4J-CKJ3-CXHX,,,,,🟠 DEBOLE (43.7%),437,Lama Sgorbia Sterile N° 6 Acciaio Kiepe Professional Manicure Pedicure - Confezione 20 lame,,0119HOHVHXU,https://www.amazon.it/dp/B0GHNVQLHF,Lama Sgorbia Sterile N° 1 Acciaio Kiepe Professional Manicure Pedicure - Confezione 20 lame
,NON TROVATO SU AMAZON,Verificato - Non caricato,1CLQ-6PVR-HO9A,,,,,🟠 DEBOLE (40.5%),405,Fanola - Tinta per capelli 100 ml Colore 5.22,999,0424HAF0ESY,https://www.amazon.it/dp/B07GFNKWQF,
,VARIANTE FAMIGLIA AMAZON,Verificato - Non caricato,FZ-SMTS-F056,,,,,🟠 DEBOLE (40.3%),403,Generico GUANTO IN INTRILE ESSENTIAL 533 - SCATOLA DA 100 GUANTI - CONFEZIONE DA 10 SCATOLE,,0526HYGBYH1,https://www.amazon.it/dp/B0H2ZV5CWW,GUANTO IN NITRILE ESSENTIAL 533
