ID,Tipo,SKU,"GTIN, UPC, EAN, o ISBN",Nome,Pubblicato,"In primo piano?","Visibilità nel catalogo","Breve descrizione",Descrizione,"Data di partenza del prezzo in saldo","Data in cui termina l'offerta","Stato delle imposte","Aliquota di imposta","In stock?",Magazzino,"Quantità in magazzino bassa","Abilita gli ordini arretrati?","Venduto singolarmente?","Peso (kg)","Lunghezza (cm)","Larghezza (cm)","Altezza (cm)","Permetti le recensioni clienti?","Nota di acquisto","Prezzo in offerta","Prezzo di listino",Categorie,Tag,"Classe di spedizione",Immagine,"Limite di download","Scarica i giorni di scadenza",Genitore,"Prodotti raggruppati",Up-sell,Cross-sell,"URL esterno","Testo del pulsante",Posizione,Marchi,"Meta: _asin","Meta: _amazon_url","Meta: _et_builder_dynamic_assets_loading_attr_threshold","Meta: _last_change_time","Meta: _et_pb_post_hide_nav","Meta: _et_pb_page_layout","Meta: _et_pb_side_nav","Meta: _et_pb_use_builder","Meta: _et_pb_first_image","Meta: _et_pb_truncate_post","Meta: _et_pb_truncate_post_date","Meta: _et_pb_old_content"
741,simple,AMU419631,,"Gel Mani Igienizzante Senza Risciacquo 80 Ml – Detergente Mani Tascabile ad Asciugatura Rapida, Formula Delicata, Ideale per Casa, Ufficio, Viaggi e Auto",1,0,visible,"AMUCHINA GEL X-GERM 80 ML   CRT. 12 PZ","<p><strong>Gel Mani Igienizzante Senza Risciacquo 80 Ml</strong>, pratico e veloce da utilizzare ogni giorno per detergere le mani anche fuori casa.</p> <p>La sua formula ad asciugatura rapida aiuta a mantenere le mani pulite senza bisogno di acqua o sapone. La texture leggera non appiccica e lascia una piacevole sensazione di freschezza dopo ogni utilizzo.</p> <p>Il formato compatto da <strong>80 ml</strong> è ideale da portare sempre con sé: in borsa, nello zaino, in auto, in ufficio, a scuola o durante i viaggi.</p> <p>Perfetto per l’uso quotidiano in molte situazioni: mezzi pubblici, palestra, shopping, lavoro e spostamenti frequenti.</p> <ul> <li>Gel mani senza risciacquo</li> <li>Formato tascabile da 80 ml</li> <li>Asciugatura rapida</li> <li>Non appiccicoso</li> <li>Ideale per uso quotidiano</li> </ul>",,,taxable,,1,,,0,0,,,,,1,,,"8,6","Pulizia e Igiene",,,https://overcomsrl.com/wp-content/uploads/2026/06/AMU419631.webp,,,,,,,,,0,,0507HQTF9IS,https://www.amazon.it/dp/B0GZWLWBTR,2,,,,,,,,,
742,simple,AMU419720,,"AMUCHINA 500ML by AMUCHINA",1,0,visible,"AMUCHINA 100% FLAC. ML.500   CRT. 12 PZ",,,,taxable,,1,,,0,0,,,,,1,,,"14,2","Pulizia e Igiene",,,https://overcomsrl.com/wp-content/uploads/2026/06/AMU419720.webp,,,,,,,,,0,,0513HEU6Q2R,https://www.amazon.it/dp/B01N3PSZXE,2,,,,,,,,,
743,simple,FAN1076025,,"FANOLA THERMO-PROTECTIVE CREAM",1,0,visible,"NO YELLOW THERMO-PROTECTIVE CREAM 150 ML",,,,taxable,,1,,,0,0,,,,,1,,,"17,7","Linea Beauty",Capelli,,https://overcomsrl.com/wp-content/uploads/2026/06/FAN1076025.webp,,,,,,,,,0,,0514HJLQQGM,https://www.amazon.it/dp/B089WD5G3Q,2,,,,,,,,,
744,simple,FAN1076082,,"FANOLA Crema Ossidante Viola Antigiallo 5 Vol 1000ml",1,0,visible,"VIOLET PEROXYDE 5 VOL crema ossidante viola 1000 ML",,,,taxable,,1,,,0,0,,,,,0,,,"11,4","Linea Beauty",Capelli,,https://overcomsrl.com/wp-content/uploads/2026/06/FAN1076082-1.webp,,,,,,,,,0,,0704F5Q6I21,https://www.amazon.it/dp/B096SRSRW2,2,1780669725,default,et_right_sidebar,off,,,,,
745,simple,FAN1076083,,"FANOLA Crema Ossidante Viola Antigiallo 25 Vol 1000ml",1,0,visible,"VIOLET PEROXYDE 25 VOL crema ossidante viola 1000 ML",,,,taxable,,1,,,0,0,,,,,0,,,"11,4","Linea Beauty",Capelli,,https://overcomsrl.com/wp-content/uploads/2026/06/FAN1076083-1.webp,,,,,,,,,0,,0704F5KY8QI,https://www.amazon.it/dp/B096S91BKN,2,1780669695,default,et_right_sidebar,off,,,,,
746,simple,FAN1076131,,"CREMA COLORE PER CAPELLI 100 ML COLORZOOM 10 MINUTI 1.0 NERO-FANOLA",1,0,visible,"COLOR ZOOM 1.0   100 ML.",,,,taxable,,1,,,0,0,,,,,1,,,"12,6","Linea Beauty",Capelli,,https://overcomsrl.com/wp-content/uploads/2026/06/FAN1076131.webp,,,,,,,,,0,,0506HM8UG0S,https://www.amazon.it/dp/B09QNVTYJH,2,1782734978,,,,,,,,
747,simple,FAN1076132,,"CREMA COLORE PER CAPELLI 100 ML COLORZOOM 10 MINUTI 3.0 CASTANO SCURO-FANOLA",1,0,visible,"COLOR ZOOM 3.0   100 ML.",,,,taxable,,1,,,0,0,,,,,1,,,"12,6","Linea Beauty",Capelli,,https://overcomsrl.com/wp-content/uploads/2026/06/FAN1076132.webp,,,,,,,,,0,,0506HMC0ZGK,https://www.amazon.it/dp/B09QNN4KRJ,2,1782734978,,,,,,,,
748,simple,FAN1076133,,"CREMA COLORE PER CAPELLI 100 ML COLORZOOM 10 MINUTI 4.0 CASTANO-FANOLA",1,0,visible,"COLOR ZOOM 4.0   100 ML.",,,,taxable,,1,,,0,0,,,,,1,,,"12,6","Linea Beauty",Capelli,,https://overcomsrl.com/wp-content/uploads/2026/06/FAN1076133.webp,,,,,,,,,0,,0506HM9CTRZ,https://www.amazon.it/dp/B09QP1RYY3,2,1782734978,,,,,,,,
749,simple,FAN1076134,,"CREMA COLORE PER CAPELLI 100 ML COLORZOOM 10 MINUTI 5.0 CASTANO CHIARO-FANOLA",1,0,visible,"COLOR ZOOM 5.0   100 ML.",,,,taxable,,1,,,0,0,,,,,1,,,"12,6","Linea Beauty",Capelli,,https://overcomsrl.com/wp-content/uploads/2026/06/FAN1076134.webp,,,,,,,,,0,,0506HM3FI2J,https://www.amazon.it/dp/B09QP1P71J,2,1782734978,,,,,,,,
750,simple,FAN1076135,,"CREMA COLORE PER CAPELLI 100 ML COLORZOOM 10 MINUTI 6.0 BIONDO SCURO-FANOLA",1,0,visible,"COLOR ZOOM 6.0   100 ML.",,,,taxable,,1,,,0,0,,,,,1,,,"12,6","Linea Beauty",Capelli,,https://overcomsrl.com/wp-content/uploads/2026/06/FAN1076135.webp,,,,,,,,,0,,0506HM89UMA,https://www.amazon.it/dp/B09QNSRPGM,2,1782734978,,,,,,,,
751,simple,FAN1076136,,"CREMA COLORE PER CAPELLI 100 ML COLORZOOM 10 MINUTI 7.0 BIONDO-FANOLA",1,0,visible,"COLOR ZOOM 7.0   100 ML.",,,,taxable,,1,,,0,0,,,,,1,,,"12,6","Linea Beauty",Capelli,,https://overcomsrl.com/wp-content/uploads/2026/06/FAN1076136.webp,,,,,,,,,0,,0506HM69EN3,https://www.amazon.it/dp/B09QNLPC72,2,1782734978,,,,,,,,
752,simple,FAN1076137,,"CREMA COLORE PER CAPELLI 100 ML COLORZOOM 10 MINUTI 8.0 BIONDO CHIARO-FANOLA",1,0,visible,"COLOR ZOOM 8.0   100 ML.",,,,taxable,,1,,,0,0,,,,,1,,,"12,6","Linea Beauty",Capelli,,https://overcomsrl.com/wp-content/uploads/2026/06/FAN1076137.webp,,,,,,,,,0,,0506HM0RYDF,https://www.amazon.it/dp/B09QNJLGWS,2,1782734978,,,,,,,,
753,simple,FAN1076138,,"CREMA COLORE PER CAPELLI 100 ML COLORZOOM 10 MINUTI 9.0 BIONDO CH.MO-FANOLA",1,0,visible,"COLOR ZOOM 9.0   100 ML.",,,,taxable,,1,,,0,0,,,,,1,,,"12,6","Linea Beauty",Capelli,,https://overcomsrl.com/wp-content/uploads/2026/06/FAN1076138.webp,,,,,,,,,0,,0506HM8RNET,https://www.amazon.it/dp/B09QP1VVJ1,2,1782734978,,,,,,,,
754,simple,FAN1076139,,"CREMA COLORE PER CAPELLI 100 ML COLORZOOM 10 MINUTI 10.0 BIONDO PLATINO-FANOLA",1,0,visible,"COLOR ZOOM 10.0   100 ML.",,,,taxable,,1,,,0,0,,,,,1,,,"12,6","Linea Beauty",Capelli,,https://overcomsrl.com/wp-content/uploads/2026/06/FAN1076139.webp,,,,,,,,,0,,0506HM8XSBC,https://www.amazon.it/dp/B09QNJ3ZXJ,2,1782734978,,,,,,,,
755,simple,FAN1076140,,"TINTURA CAPELLI 100ML COLORZOOM 10MINUTI 6.01 BIONDO SCURO NAT.LE CENERE FANOLA",1,0,visible,"COLOR ZOOM 6.01   100 ML.",,,,taxable,,1,,,0,0,,,,,1,,,"12,6","Linea Beauty",Capelli,,https://overcomsrl.com/wp-content/uploads/2026/06/FAN1076140.webp,,,,,,,,,0,,0506HM0TO3C,https://www.amazon.it/dp/B09QP5222P,2,1782734978,,,,,,,,
756,simple,FAN1076141,,"TINTURA CAPELLI 100ML COLORZOOM 10MINUTI 8.01 BIONDO CHIARO NAT.LE CENERE-FANOLA",1,0,visible,"COLOR ZOOM 8.01   100 ML.",,,,taxable,,1,,,0,0,,,,,1,,,"12,6","Linea Beauty",Capelli,,https://overcomsrl.com/wp-content/uploads/2026/06/FAN1076141.webp,,,,,,,,,0,,0506HM5M8H1,https://www.amazon.it/dp/B09QNBDZKJ,2,1782734978,,,,,,,,
757,simple,FAN1076142,,"TINTURA PER CAPELLI 100ML COLORZOOM 10 MINUTI 4.71 CASTANO MARRONE FREDDO-FANOLA",1,0,visible,"COLOR ZOOM 4.71   100 ML.",,,,taxable,,1,,,0,0,,,,,1,,,"12,6","Linea Beauty",Capelli,,https://overcomsrl.com/wp-content/uploads/2026/06/FAN1076142.webp,,,,,,,,,0,,0506HM9B9HK,https://www.amazon.it/dp/B09QNGFPX6,2,1782734978,,,,,,,,
758,simple,FAN1076143,,"TINTURA CAPELLI 100ML COLORZOOM 10MINUTI 6.71 BIONDO SCURO MARRONE FREDDO-FANOLA",1,0,visible,"COLOR ZOOM 6.71   100 ML.",,,,taxable,,1,,,0,0,,,,,1,,,"12,6","Linea Beauty",Capelli,,https://overcomsrl.com/wp-content/uploads/2026/06/FAN1076143.webp,,,,,,,,,0,,0506HM66GF7,https://www.amazon.it/dp/B09QNQL5BY,2,1782734978,,,,,,,,
759,simple,FAN1076144,,"CREMA COLORE PER CAPELLI 100ML COLORZOOM 10MINUTI 6.3 BIONDO SCURO DORATO-FANOLA",1,0,visible,"COLOR ZOOM 6.3   100 ML.",,,,taxable,,1,,,0,0,,,,,1,,,"12,6","Linea Beauty",Capelli,,https://overcomsrl.com/wp-content/uploads/2026/06/FAN1076144.webp,,,,,,,,,0,,0506HM3GUBR,https://www.amazon.it/dp/B09QNQL45T,2,1782734978,,,,,,,,
760,simple,FAN1076145,,"CREMA COLORE CAPELLI 100 ML COLORZOOM 10 MINUTI 8.3 BIONDO CHIARO DORATO-FANOLA",1,0,visible,"COLOR ZOOM 8.3   100 ML.",,,,taxable,,1,,,0,0,,,,,1,,,"12,6","Linea Beauty",Capelli,,https://overcomsrl.com/wp-content/uploads/2026/06/FAN1076145.webp,,,,,,,,,0,,0506HM8O8F9,https://www.amazon.it/dp/B09QNTGMKF,2,1782734978,,,,,,,,
761,simple,FAN1076146,,"CREMA COLORE CAPELLI 100 ML COLORZOOM 10 MINUTI 5.4 CASTANO CHIARO RAME-FANOLA",1,0,visible,"COLOR ZOOM 5.4   100 ML.",,,,taxable,,1,,,0,0,,,,,1,,,"12,6","Linea Beauty",Capelli,,https://overcomsrl.com/wp-content/uploads/2026/06/FAN1076146.webp,,,,,,,,,0,,0506HMF5RQ1,https://www.amazon.it/dp/B09QNR7PZY,2,1782734978,,,,,,,,
762,simple,FAN1076147,,"CREMA COLORE PER CAPELLI 100 ML COLORZOOM 10 MINUTI 7.4 BIONDO RAME-FANOLA",1,0,visible,"COLOR ZOOM 7.4   100 ML.",,,,taxable,,1,,,0,0,,,,,1,,,"12,6","Linea Beauty",Capelli,,https://overcomsrl.com/wp-content/uploads/2026/06/FAN1076147.webp,,,,,,,,,0,,0506HM69BMQ,https://www.amazon.it/dp/B09QNXTTPY,2,1782734978,,,,,,,,
763,simple,FAN1076148,,"CREMA COLORE PER CAPELLI 100 ML COLORZOOM 10 MINUTI 4.5 CASTANO MOGANO-FANOLA",1,0,visible,"COLOR ZOOM 4.5   100 ML.",,,,taxable,,1,,,0,0,,,,,1,,,"12,6","Linea Beauty",Capelli,,https://overcomsrl.com/wp-content/uploads/2026/06/FAN1076148.webp,,,,,,,,,0,,0506HM9DI9Q,https://www.amazon.it/dp/B09QNVF61R,2,1782734978,,,,,,,,
764,simple,FAN1076149,,"CREMA COLORE CAPELLI 100 ML COLORZOOM 10 MINUTI 5.2 CASTANO CHIARO VIOLA-FANOLA",1,0,visible,"COLOR ZOOM 5.2   100 ML.",,,,taxable,,1,,,0,0,,,,,1,,,"12,6","Linea Beauty",Capelli,,https://overcomsrl.com/wp-content/uploads/2026/06/FAN1076149.webp,,,,,,,,,0,,0506HMBIGHC,https://www.amazon.it/dp/B09QNVWLVH,2,1782734979,,,,,,,,
765,simple,FAN1076151,,"CREMA COLORE CAPELLI 100ML COLORZOOM 10 MINUTI 5.7 CASTANO CHIARO MARRONE-FANOLA",1,0,visible,"COLOR ZOOM 5.7   100 ML.",,,,taxable,,1,,,0,0,,,,,1,,,"12,6","Linea Beauty",Capelli,,https://overcomsrl.com/wp-content/uploads/2026/06/FAN1076151.webp,,,,,,,,,0,,0506HM8MWTN,https://www.amazon.it/dp/B09QNLW8FN,2,1782734979,,,,,,,,
766,simple,FAN1076152,,"CREMA COLORE PER CAPELLI 100 ML COLORZOOM 10 MINUTI 7.7 BIONDO MARRONE-FANOLA",1,0,visible,"COLOR ZOOM 7.7   100 ML.",,,,taxable,,1,,,0,0,,,,,1,,,"12,6","Linea Beauty",,,https://overcomsrl.com/wp-content/uploads/2026/06/FAN1076152.webp,,,,,,,,,0,,0506HM9B2D8,https://www.amazon.it/dp/B09QNPJ43F,2,,,,,,,,,
767,simple,FAN1076553,,"Fanola FanTouch Keep Me Bright, Fluido con Cristalli Liquidi per la Cura e Prevenzione di Doppie Punte, con Termo Technology per Capelli Morbidi e Setosi, 100 ml",1,0,visible,"FANTOUCH CRISTALLI LUCIDANTI 100 ML keep me bright",,,,taxable,,1,,,0,0,,,,,1,,,"14,3","Linea Beauty",Capelli,,https://overcomsrl.com/wp-content/uploads/2026/06/FAN1076553-2.webp,,,,,,,,,0,,0514HJ6R1DP,https://www.amazon.it/dp/B0CLVMYH1J,2,1782734977,,,,,,,,
768,simple,IENLL/L,,"Generico Guanto in Nitrile Essential 533 - Scatola da 100 Guanti - Confezione da 10 Scatole - Large",1,0,visible,"GUANTI NITRILE BLU p.free PALMPRO533 SCT.100 PZ TG.L","GUANTO IN NITRILE ESSENTIAL 533",,,taxable,,1,,,0,0,,,,,1,,,"42,4","Dispositivi di Protezione",,,https://overcomsrl.com/wp-content/uploads/2026/06/IENLL_L.webp,,,,,,,,,0,,0527H1R2HIA,https://www.amazon.it/dp/B0H33RNJ8X,2,,,,,,,,,
769,simple,IENLL/M,,"Generico Guanto in Nitrile Essential 533 - Scatola da 100 Guanti - Confezione da 10 Scatole - Medio",1,0,visible,"GUANTI NITRILE BLU p.free PALMPRO533 SCT.100 PZ TG.M","GUANTO IN NITRILE ESSENTIAL 533",,,taxable,,1,,,0,0,,,,,1,,,"42,4","Dispositivi di Protezione",,,https://overcomsrl.com/wp-content/uploads/2026/06/IENLL_M.webp,,,,,,,,,0,,0526HYB14QE,https://www.amazon.it/dp/B0H2ZYZYTS,2,,,,,,,,,
770,simple,IENLL/S,,"Generico Guanto in Nitrile Essential 533 - Scatola da 100 Guanti - Confezione da 10 Scatole - Small",1,0,visible,"GUANTI NITRILE BLU p.free PALMPRO533 SCT.100 PZ TG.S","GUANTO IN NITRILE ESSENTIAL 533",,,taxable,,1,,,0,0,,,,,1,,,"42,4","Dispositivi di Protezione",,,https://overcomsrl.com/wp-content/uploads/2026/06/IENLL_S.webp,,,,,,,,,0,,0526HYB30RI,https://www.amazon.it/dp/B0H2ZZ46HQ,2,,,,,,,,,
771,simple,MECB614,,"SACCO PER RIFIUTI ORGANICI IN FECOLA DI PATATE CM 74x110 - BIODEGRADABILE - CONFEZIONI DA 20 SACCHI",1,0,visible,"SACCHI BIODEGRADABILI 74x110 LT.110 CRT. 300 PZ","SACCO PER RIFIUTI ORGANICI IN FECOLA DI PATATE CM 74x110 - BIODEGRADABILE - CONFEZIONI DA 20 SACCHI",,,taxable,,1,,,0,0,,,,,1,,,"16,0","Articoli Monouso e Indumenti",,,https://overcomsrl.com/wp-content/uploads/2026/06/MECB614.webp,,,,,,,,,0,,0528H7F6LAP,https://www.amazon.it/dp/B0H37J18KP,2,,,,,,,,,
772,simple,PH8601,,"Pacco di reintegro per tutti i kit di pronto soccorso appartenenti alla catagoria C, Allegato 2.",1,0,visible,"PACCO REINTEGRO cat.C fino a 2 PERSONE","Pacco di reintegro per tutti i kit di pronto soccorso appartenenti alla catagoria C, Allegato 2. Contenuto conforme al D.Lgs. n. 81/2008 – All. 2 D.M. 388/2003 Gruppo C per aziende o unità produttive con meno di tre lavoratori e per lavoratori che prestano la propria attività fuori dalla sede aziendale.",,,taxable,,1,,,0,0,,,,,1,,,"21,0","Dispositivi di Protezione",,,https://overcomsrl.com/wp-content/uploads/2026/06/PH8601.webp,,,,,,,,,0,,0526HXNNIR6,https://www.amazon.it/dp/B0H2ZCVBR2,2,,,,,,,,,
773,simple,PH9601/NS,,"Pacco Reintegro Pronto Soccorso Cat. AB Allegato 1 Senza Misuratore, Conforme D.Lgs. 81/2008, Bianco e Arancione",1,0,visible,"PACCO REINTEGRO CAT.A-B per 3 o + persone senza sfigmomanometro","Il Pacco Reintegro AB senza misuratore è la soluzione ideale per reintegrare i materiali esauriti nei kit di pronto soccorso di categoria A e B, Allegato 1. Conforme al D.Lgs. n. 81/2008 e al D.M. 388/2003, è destinato ad aziende o unità produttive con 3 o più lavoratori, nonché per lavoratori che operano fuori dalla sede aziendale. Il kit include 14 componenti essenziali per il pronto soccorso, tra cui materiali sterili, garze, cerotti assortiti, forbici, termometro digitale, soluzione salina, Povi Iodine, cotone idrofilo, mascherina con visiera, borsa per rifiuti sanitari e molto altro. Il tutto è contenuto in una pratica confezione di dimensioni 35 x 30 x 10 cm, con un peso di circa 1500 grammi. I materiali sono di alta qualità, conformi alle normative vigenti, e garantiscono un intervento rapido ed efficace in caso di emergenza. Prodotto in Italia da Pharmadie Srl.",,,taxable,,1,,,0,0,,,,,1,,,"50,0","Dispositivi di Protezione",,,https://overcomsrl.com/wp-content/uploads/2026/06/PH9601_NS.webp,,,,,,,,,0,,0526HXXZ7ML,https://www.amazon.it/dp/B0H2ZHK64C,2,,,,,,,,,
1060,simple,FAN1076084,,"FANOLA Black Lightning Cream Crema Decolorante Nera 500gr",1,0,visible,"BLACK LIGHTENING CREAM crema decolorante nera 500 GR",,,,taxable,,1,,,0,0,,,,,1,,,"25,3","Linea Beauty",Capelli,,https://overcomsrl.com/wp-content/uploads/2026/06/FAN1076084.webp,,,,,,,,,0,,0704F5O3M7K,https://www.amazon.it/dp/B096SSH4JB,2,,,,,,,,,
1061,simple,FAN1076086,,"FANOLA Maschera colorante capelli TOTAL BLACK 200 ML",1,0,visible,"COLOR MASK TOTAL BLACK 200ML FANOLA",,,,taxable,,1,,,0,0,,,,,1,,,"14,0","Linea Beauty",Capelli,,"https://overcomsrl.com/wp-content/uploads/2026/06/FAN1076086.webp, https://overcomsrl.com/wp-content/uploads/2026/06/FAN1076086-1.webp, https://overcomsrl.com/wp-content/uploads/2026/06/FAN1076086-2.webp",,,,,,,,,0,,0514HJCC2D3,https://www.amazon.it/dp/B093HJ3YMP,2,,,,,,,,,
1062,simple,FAN1076087,,"Fanola Maschera colorante capelli SENSUAL CHOCOLATE 200 ML",1,0,visible,"COLOR MASK SENSUAL CHOCOLATE 200ML FANOLA",,,,taxable,,1,,,0,0,,,,,1,,,"14,0","Linea Beauty",Capelli,,"https://overcomsrl.com/wp-content/uploads/2026/06/FAN1076087.webp, https://overcomsrl.com/wp-content/uploads/2026/06/FAN1076087-1.webp, https://overcomsrl.com/wp-content/uploads/2026/06/FAN1076087-2.webp",,,,,,,,,0,,0514HKKBPY5,https://www.amazon.it/dp/B093L8LLXX,2,,,,,,,,,
1063,simple,FAN1076088,,"Fanola Maschera colorante capelli GOLDEN AURA 200 ML",1,0,visible,"COLOR MASK GOLDEN AURA 200ML FANOLA",,,,taxable,,1,,,0,0,,,,,1,,,"14,0","Linea Beauty",Capelli,,"https://overcomsrl.com/wp-content/uploads/2026/06/FAN1076088.webp, https://overcomsrl.com/wp-content/uploads/2026/06/FAN1076088-1.webp, https://overcomsrl.com/wp-content/uploads/2026/06/FAN1076088-2.webp",,,,,,,,,0,,0514HK0QLI8,https://www.amazon.it/dp/B093LDC4NF,2,,,,,,,,,
1064,simple,FAN1076089,,"Fanola Color Mask Copper Flow, Maschera Pigmentata Nutriente per Capelli Scuri Naturali o Trattati ad Azione Condizionante per un Colore Vivido e Luminoso, Senza Siliconi, 200 ml",1,0,visible,"COLOR MASK COPPER FLOW 200ML FANOLA",,,,taxable,,1,,,0,0,,,,,1,,,"14,0","Linea Beauty",Capelli,,"https://overcomsrl.com/wp-content/uploads/2026/06/FAN1076089.webp, https://overcomsrl.com/wp-content/uploads/2026/06/FAN1076089-1.webp, https://overcomsrl.com/wp-content/uploads/2026/06/FAN1076089-2.webp",,,,,,,,,0,,0514HJLRLBR,https://www.amazon.it/dp/B093LBQPPT,2,,,,,,,,,
1065,simple,FAN1076090,,"Fanola Color Mask Red Passion, Maschera Pigmentata Nutriente per Capelli Scuri Naturali o Trattati ad Azione Condizionante per un Colore Vivido e Luminoso, 200 ml",1,0,visible,"COLOR MASK RED PASSION 200ML FANOLA",,,,taxable,,1,,,0,0,,,,,1,,,"14,0","Linea Beauty",Capelli,,"https://overcomsrl.com/wp-content/uploads/2026/06/FAN1076090.webp, https://overcomsrl.com/wp-content/uploads/2026/06/FAN1076090-1.webp, https://overcomsrl.com/wp-content/uploads/2026/06/FAN1076090-2.webp",,,,,,,,,0,,0514HJ2FFX6,https://www.amazon.it/dp/B093LBC6M1,2,,,,,,,,,
1066,simple,FAN1076091,,"Fanola Maschera colorante capelli SILKY PURPLE 200 ML",1,0,visible,"COLOR MASK SILKY PURPLE 200ML FANOLA",,,,taxable,,1,,,0,0,,,,,1,,,"14,0","Linea Beauty",Capelli,,"https://overcomsrl.com/wp-content/uploads/2026/06/FAN1076091.webp, https://overcomsrl.com/wp-content/uploads/2026/06/FAN1076091-1.webp, https://overcomsrl.com/wp-content/uploads/2026/06/FAN1076091-2.webp",,,,,,,,,0,,0514HKKMCRM,https://www.amazon.it/dp/B093LBKS3C,2,,,,,,,,,
1067,simple,FAN1076092,,"Fanola Maschera colorante capelli PINK SUGAR 200 ML",1,0,visible,"COLOR MASK PINK SUGAR 200ML FANOLA",,,,taxable,,1,,,0,0,,,,,1,,,"14,0","Linea Beauty",Capelli,,"https://overcomsrl.com/wp-content/uploads/2026/06/FAN1076092.webp, https://overcomsrl.com/wp-content/uploads/2026/06/FAN1076092-1.webp, https://overcomsrl.com/wp-content/uploads/2026/06/FAN1076092-2.webp",,,,,,,,,0,,0514HKLCB9M,https://www.amazon.it/dp/B093LBQJK6,2,,,,,,,,,
1068,simple,FAN1076093,,"Fanola Maschera colorante capelli OCEAN BLUE 200 ML",1,0,visible,"COLOR MASK OCEAN BLUE 200ML FANOLA",,,,taxable,,1,,,0,0,,,,,1,,,"14,0","Linea Beauty",Capelli,,"https://overcomsrl.com/wp-content/uploads/2026/06/FAN1076093.webp, https://overcomsrl.com/wp-content/uploads/2026/06/FAN1076093-1.webp, https://overcomsrl.com/wp-content/uploads/2026/06/FAN1076093-2.webp, https://overcomsrl.com/wp-content/uploads/2026/06/FAN1076093-3.webp",,,,,,,,,0,,0514HJYIR4H,https://www.amazon.it/dp/B093LBTGH8,2,,,,,,,,,
1069,simple,FAN1076094,,"FANOLA Maschera colorante capelli CLOVER GREEN 200 ML",1,0,visible,"COLOR MASK CLOVER GREEN 200ML FANOLA",,,,taxable,,1,,,0,0,,,,,1,,,"14,0","Linea Beauty",Capelli,,"https://overcomsrl.com/wp-content/uploads/2026/06/FAN1076094.webp, https://overcomsrl.com/wp-content/uploads/2026/06/FAN1076094-1.webp, https://overcomsrl.com/wp-content/uploads/2026/06/FAN1076094-2.webp",,,,,,,,,0,,0514HJ6K1PK,https://www.amazon.it/dp/B093LB3538,2,,,,,,,,,
1070,simple,FAN1076103,,"FANOLA Polvere Decolorante Viola Compatta 450g",1,0,visible,"POLVERE DECOLORANTE VIOLET LIGHTENER 450 GR.",,,,taxable,,1,,,0,0,,,,,1,,,"19,4","Linea Beauty",Capelli,,https://overcomsrl.com/wp-content/uploads/2026/06/FAN1076103.webp,,,,,,,,,0,,0704F5GWVV4,https://www.amazon.it/dp/B096XV7SCV,2,,,,,,,,,
1071,simple,FAN1076104,,"FANOLA Polvere Decolorante Verde Compatta 450g",1,0,visible,"POLVERE DECOLORANTE GREEN LIGHTENER 450 GR.",,,,taxable,,1,,,0,0,,,,,1,,,"19,3","Linea Beauty",Capelli,,https://overcomsrl.com/wp-content/uploads/2026/06/FAN1076104.webp,,,,,,,,,0,,0704F574AZA,https://www.amazon.it/dp/B096YHCMS9,2,,,,,,,,,
1072,simple,FAN1076205,,"Fanola Wonder No Yellow, Shampo tonalizzante anti-giallo per Capelli Biondi, Decolorati e Bianchi, 350 ml",1,0,visible,"WONDER NO YELLOW SHAMPOO 350 ML",,,,taxable,,1,,,0,0,,,,,1,,,"13,7","Linea Beauty",Capelli,,"https://overcomsrl.com/wp-content/uploads/2026/06/FAN1076205.webp, https://overcomsrl.com/wp-content/uploads/2026/06/FAN1076205-1.webp, https://overcomsrl.com/wp-content/uploads/2026/06/FAN1076205-2.webp, https://overcomsrl.com/wp-content/uploads/2026/06/FAN1076205-3.webp",,,,,,,,,0,,0704F5M0M9E,https://www.amazon.it/dp/B0BJ6XF7F2,2,,,,,,,,,
1073,simple,FAN1076206,,"Fanola Wonder No Yellow Extra Care Shampoo, Shampoo Tonalizzante Antigiallo per Capelli Biondi, Decolorati e Bianchi, Formula Vegana con Olio di Marula e Dragon Fruit, 1000 ml",1,0,visible,"WONDER NO YELLOW SHAMPOO 1000 ML",,,,taxable,,1,,,0,0,,,,,1,,,"19,6","Linea Beauty",Capelli,,"https://overcomsrl.com/wp-content/uploads/2026/06/FAN1076206.webp, https://overcomsrl.com/wp-content/uploads/2026/06/FAN1076206-1.webp, https://overcomsrl.com/wp-content/uploads/2026/06/FAN1076206-2.webp",,,,,,,,,0,,0704F5EA7FX,https://www.amazon.it/dp/B0BP822QCB,2,,,,,,,,,
1074,simple,FAN1076208,,"Fanola Wonder Maschera No Yellow Extra Care, Maschera Antigiallo per Capelli Biondi, Decolorati e Bianchi, Formula Vegana con Olio di Marula e Dragon Fruit, 350 ml",1,0,visible,"WONDER NO YELLOW MASCHERA 350 ML",,,,taxable,,1,,,0,0,,,,,1,,,"15,0","Linea Beauty",Capelli,,"https://overcomsrl.com/wp-content/uploads/2026/06/FAN1076208.webp, https://overcomsrl.com/wp-content/uploads/2026/06/FAN1076208-1.webp, https://overcomsrl.com/wp-content/uploads/2026/06/FAN1076208-2.webp, https://overcomsrl.com/wp-content/uploads/2026/06/FAN1076208-3.webp",,,,,,,,,0,,0704F5QGY60,https://www.amazon.it/dp/B0BJ6XKHY4,2,,,,,,,,,
1075,simple,FAN1076209,,"Fanola Wonder No Yellow Mask 1000ml",1,0,visible,"WONDER NO YELLOW MASCHERA 1000 ML",,,,taxable,,1,,,0,0,,,,,1,,,"22,3","Linea Beauty",Capelli,,"https://overcomsrl.com/wp-content/uploads/2026/06/FAN1076209.webp, https://overcomsrl.com/wp-content/uploads/2026/06/FAN1076209-1.webp, https://overcomsrl.com/wp-content/uploads/2026/06/FAN1076209-2.webp",,,,,,,,,0,,0704F5PMZT5,https://www.amazon.it/dp/B0BP82NDGX,2,,,,,,,,,
1076,simple,FAN1076244,,"FANOLA Shampoo dopocolore Wonder Color Locker 350ml FANOLA",1,0,visible,"WONDER COLOR LOCKER SHAMPOO DOPOCOLORE 350 ML",,,,taxable,,1,,,0,0,,,,,1,,,"12,1","Linea Beauty",Capelli,,"https://overcomsrl.com/wp-content/uploads/2026/06/FAN1076244.webp, https://overcomsrl.com/wp-content/uploads/2026/06/FAN1076244-1.webp, https://overcomsrl.com/wp-content/uploads/2026/06/FAN1076244-2.webp",,,,,,,,,0,,0514HKC53U3,https://www.amazon.it/dp/B0BJ6X5N7T,2,,,,,,,,,
1077,simple,FAN1076245,,"Fanola Wonder Color Locker, Shampoo Dopocolore, 1000 ml",1,0,visible,"WONDER COLOR LOCKER SHAMPOO DOPOCOLORE 1000 ML",,,,taxable,,1,,,0,0,,,,,1,,,"15,8","Linea Beauty",Capelli,,"https://overcomsrl.com/wp-content/uploads/2026/06/FAN1076245.webp, https://overcomsrl.com/wp-content/uploads/2026/06/FAN1076245-1.webp, https://overcomsrl.com/wp-content/uploads/2026/06/FAN1076245-2.webp",,,,,,,,,0,,0514HJCAQTT,https://www.amazon.it/dp/B0BP82FG9F,2,,,,,,,,,
1078,simple,FAN1076246,,"FANOLA Crema sigillante Wonder Color Locker 200ml FANOLA",1,0,visible,"WONDER COLOR LOCKER CREMA SIGILLANTE 200 ML",,,,taxable,,1,,,0,0,,,,,1,,,"12,7","Linea Beauty",Capelli,,"https://overcomsrl.com/wp-content/uploads/2026/06/FAN1076246.webp, https://overcomsrl.com/wp-content/uploads/2026/06/FAN1076246-1.webp, https://overcomsrl.com/wp-content/uploads/2026/06/FAN1076246-2.webp",,,,,,,,,0,,0514HJ6THH9,https://www.amazon.it/dp/B0BJ6Y6595,2,,,,,,,,,
1079,simple,FAN1076247,,"FANOLA Crema sigillante Wonder Color Locker 480ml FANOLA",1,0,visible,"WONDER COLOR LOCKER CREMA SIGILLANTE 480 ML",,,,taxable,,1,,,0,0,,,,,1,,,"17,7","Linea Beauty",Capelli,,"https://overcomsrl.com/wp-content/uploads/2026/06/FAN1076247.webp, https://overcomsrl.com/wp-content/uploads/2026/06/FAN1076247-1.webp, https://overcomsrl.com/wp-content/uploads/2026/06/FAN1076247-2.webp",,,,,,,,,0,,0514HJLZ63K,https://www.amazon.it/dp/B0BP83TR4X,2,,,,,,,,,
1080,simple,FAN1076248,,"Fanola Wonder Locker Latte Spray 195ml",1,0,visible,"WONDER COLOR LOCKER LATTE SPRAY 195 ML",,,,taxable,,1,,,0,0,,,,,1,,,"16,2","Linea Beauty",Capelli,,"https://overcomsrl.com/wp-content/uploads/2026/06/FAN1076248.webp, https://overcomsrl.com/wp-content/uploads/2026/06/FAN1076248-1.webp, https://overcomsrl.com/wp-content/uploads/2026/06/FAN1076248-2.webp",,,,,,,,,0,,0514HJSX4WX,https://www.amazon.it/dp/B0BP849RYC,2,,,,,,,,,
1081,simple,FAN1076270,,"Fanola Wonder Nourishing, Maschera Capelli Ristrutturante, 350 ml",1,0,visible,"WONDER NOURISHING MASK 350 ML",,,,taxable,,1,,,0,0,,,,,1,,,"13,0","Linea Beauty",Capelli,,https://overcomsrl.com/wp-content/uploads/2026/06/FAN1076270.webp,,,,,,,,,0,,0514HJ2G7Z1,https://www.amazon.it/dp/B0BYDT122J,2,,,,,,,,,
1082,simple,FAN1076271,,"Fanola Wonder Nourishing, Maschera Capelli Ristrutturante, 1000 ml",1,0,visible,"WONDER NOURISHING MASK 1000 ML",,,,taxable,,1,,,0,0,,,,,1,,,"16,2","Linea Beauty",Capelli,,https://overcomsrl.com/wp-content/uploads/2026/06/FAN1076271.webp,,,,,,,,,0,,0514HJCC6HD,https://www.amazon.it/dp/B0BYDTDB6R,2,,,,,,,,,
1083,simple,FAN1076449,,"Fanola Fantouch Lacca Ecologica Extra Forte, 320 ml",1,0,visible,"FANTOUCH LACCA ECOLOGICA 320 ML",,,,taxable,,1,,,0,0,,,,,1,,,"14,4","Linea Beauty",Capelli,,"https://overcomsrl.com/wp-content/uploads/2026/06/FAN1076449.webp, https://overcomsrl.com/wp-content/uploads/2026/06/FAN1076449-1.webp, https://overcomsrl.com/wp-content/uploads/2026/06/FAN1076449-2.webp",,,,,,,,,0,,0514HJ2GOGU,https://www.amazon.it/dp/B0CLVLQZV5,2,,,,,,,,,
1084,simple,FAN1076450,,"Fanola Fantouch Mousse Extra Forte, 300 ml",1,0,visible,"FANTOUCH MOUSSE EXTRAFORTE 300 ML",,,,taxable,,1,,,0,0,,,,,1,,,"14,3","Linea Beauty",Capelli,,"https://overcomsrl.com/wp-content/uploads/2026/06/FAN1076450.webp, https://overcomsrl.com/wp-content/uploads/2026/06/FAN1076450-1.webp, https://overcomsrl.com/wp-content/uploads/2026/06/FAN1076450-2.webp",,,,,,,,,0,,0514HJ6T8TU,https://www.amazon.it/dp/B0CLVLW66N,2,,,,,,,,,
1085,simple,FAN1076451,,"Fanola Fantouch Lacca Spray Extra Forte, 500 ml",1,0,visible,"FANTOUCH LACCA SPRAY EXTRAFORTE 500 ML fix it",,,,taxable,,1,,,0,0,,,,,1,,,"12,5","Linea Beauty",Capelli,,"https://overcomsrl.com/wp-content/uploads/2026/06/FAN1076451.webp, https://overcomsrl.com/wp-content/uploads/2026/06/FAN1076451-1.webp, https://overcomsrl.com/wp-content/uploads/2026/06/FAN1076451-2.webp",,,,,,,,,0,,0514HJSGI6K,https://www.amazon.it/dp/B0CLVNY1TZ,2,,,,,,,,,
1086,simple,FAN1076452,,"Fanola Fantouch Lacca Spray Extra Forte, 750 ml",1,0,visible,"FANTOUCH LACCA SPRAY EXTRAFORTE 750 ML fix it",,,,taxable,,1,,,0,0,,,,,1,,,"13,9","Linea Beauty",Capelli,,"https://overcomsrl.com/wp-content/uploads/2026/06/FAN1076452.webp, https://overcomsrl.com/wp-content/uploads/2026/06/FAN1076452-1.webp, https://overcomsrl.com/wp-content/uploads/2026/06/FAN1076452-2.webp",,,,,,,,,0,,0514HKKW72E,https://www.amazon.it/dp/B0CLVN1LDR,2,,,,,,,,,
1087,simple,FAN1076453,,"Fanola Fantouch Mousse Extra Forte, 300 ml",1,0,visible,"FANTOUCH THERMO FIX SPRAY 300 ML",,,,taxable,,1,,,0,0,,,,,1,,,"14,4","Linea Beauty",Capelli,,"https://overcomsrl.com/wp-content/uploads/2026/06/FAN1076453.webp, https://overcomsrl.com/wp-content/uploads/2026/06/FAN1076453-1.webp, https://overcomsrl.com/wp-content/uploads/2026/06/FAN1076453-2.webp",,,,,,,,,0,,0514HJWQ9JJ,https://www.amazon.it/dp/B0CLVLW66N,2,,default,et_right_sidebar,off,,,,,
1088,simple,FAN1076454,,"Fanola Fantouch Spray Termoprotettivo, 300 ml",1,0,visible,"FANTOUCH SPRAY TERMOPROTETTIVO 300 ML heat block",,,,taxable,,1,,,0,0,,,,,1,,,"14,3","Linea Beauty",Capelli,,"https://overcomsrl.com/wp-content/uploads/2026/06/FAN1076454.webp, https://overcomsrl.com/wp-content/uploads/2026/06/FAN1076454-1.webp, https://overcomsrl.com/wp-content/uploads/2026/06/FAN1076454-2.webp",,,,,,,,,0,,0514HJSX51P,https://www.amazon.it/dp/B0CLVM5C6X,2,,,,,,,,,
1089,simple,FAN1076457,,"Fanola Fantouch Cera Lucidante Fissativa, 100 ml",1,0,visible,"FANTOUCH CERA LUCIDANTE FISSATIVA 100 ML",,,,taxable,,1,,,0,0,,,,,1,,,"14,4","Linea Beauty",Capelli,,"https://overcomsrl.com/wp-content/uploads/2026/06/FAN1076457.webp, https://overcomsrl.com/wp-content/uploads/2026/06/FAN1076457-1.webp, https://overcomsrl.com/wp-content/uploads/2026/06/FAN1076457-2.webp",,,,,,,,,0,,0514HJCDFYD,https://www.amazon.it/dp/B0CLVM8Z9S,2,,,,,,,,,
1090,simple,FAN1076533,,"Fanola Fantouch Gel Fluido Extra Forte, 250 ml",1,0,visible,"FANTOUCH GEL FLUIDO EXTRA FORTE 250 ML give me hold",,,,taxable,,1,,,0,0,,,,,1,,,"11,8","Linea Beauty",Capelli,,"https://overcomsrl.com/wp-content/uploads/2026/06/FAN1076533.webp, https://overcomsrl.com/wp-content/uploads/2026/06/FAN1076533-1.webp, https://overcomsrl.com/wp-content/uploads/2026/06/FAN1076533-2.webp",,,,,,,,,0,,0514HITMFSI,https://www.amazon.it/dp/B0CLVP9YF5,2,,,,,,,,,
1091,simple,FAN1076534,,"Fanola Fantouch Crema Definizione Ricci, 200 ml",1,0,visible,"FANTOUCH CREMA DEFINIZIONE RICCI 200 ML",,,,taxable,,1,,,0,0,,,,,1,,,"12,6","Linea Beauty",Capelli,,"https://overcomsrl.com/wp-content/uploads/2026/06/FAN1076534.webp, https://overcomsrl.com/wp-content/uploads/2026/06/FAN1076534-1.webp, https://overcomsrl.com/wp-content/uploads/2026/06/FAN1076534-2.webp",,,,,,,,,0,,0514HJSQJMW,https://www.amazon.it/dp/B0CLVL7G47,2,,,,,,,,,
1092,simple,FAN1076535,,"Fanola Fantouch Fluido Definizione Ricci, 200 ml",1,0,visible,"FANTOUCH FLUIDO DEFINIZIONE RICCI 200 ML feel the control",,,,taxable,,1,,,0,0,,,,,1,,,"12,4","Linea Beauty",Capelli,,"https://overcomsrl.com/wp-content/uploads/2026/06/FAN1076535.webp, https://overcomsrl.com/wp-content/uploads/2026/06/FAN1076535-1.webp, https://overcomsrl.com/wp-content/uploads/2026/06/FAN1076535-2.webp",,,,,,,,,0,,0514HJCFDQJ,https://www.amazon.it/dp/B0CLVKJSC9,2,,,,,,,,,
1093,simple,FAN1076569,,"Fanola Glow & Glossy Oil Toner T.02 60ml - colorazione semi permanente in olio senza ammoniaca",1,0,visible,"NY GLOW&GLOSSY  T.02 OIL TONER 60 ML",,,,taxable,,1,,,0,0,,,,,1,,,"11,9","Linea Beauty",Capelli,,https://overcomsrl.com/wp-content/uploads/2026/06/FAN1076569.webp,,,,,,,,,0,,0514HJSWTAQ,https://www.amazon.it/dp/B0DMC61WMX,2,,,,,,,,,
1094,simple,FAN1076570,,"Fanola Glow & Glossy Oil Toner 60ml",1,0,visible,"NY GLOW&GLOSSY  T.11 OIL TONER 60 ML",,,,taxable,,1,,,0,0,,,,,1,,,"11,9","Linea Beauty",Capelli,,https://overcomsrl.com/wp-content/uploads/2026/06/FAN1076570.webp,,,,,,,,,0,,0514HJCC6KS,https://www.amazon.it/dp/B0D9HCG929,2,,,,,,,,,
1095,simple,FAN1076597,,"Fanola Wonder Curl Maschera per Capelli Ricci e Ondulati, 500 ml",1,0,visible,"WONDER CURL MASK 500 ML",,,,taxable,,1,,,0,0,,,,,1,,,"13,2","Linea Beauty",Capelli,,https://overcomsrl.com/wp-content/uploads/2026/06/FAN1076597.webp,,,,,,,,,0,,0514HJ2EOGX,https://www.amazon.it/dp/B0D96HB4H7,2,,,,,,,,,
1096,simple,FAN1076602,,"Fanola Wonder Curl Shampoo per Capelli Ricci e Ondulati",1,0,visible,"WONDER CURL SHAMPOO 350 ML",,,,taxable,,1,,,0,0,,,,,1,,,"12,3","Linea Beauty",Capelli,,https://overcomsrl.com/wp-content/uploads/2026/06/FAN1076602.webp,,,,,,,,,0,,0514HJ2A8IL,https://www.amazon.it/dp/B0D9H7F273,2,,,,,,,,,
1097,simple,FAN1076617,,"Fanola Wonder Volume Shampoo 350ml - shampoo volumizzante",1,0,visible,"SHAMPOO WONDER VOLUME 350 ML",,,,taxable,,1,,,0,0,,,,,1,,,"12,2","Linea Beauty",Capelli,,,,,,,,,,,0,,0514HJLT3VK,https://www.amazon.it/dp/B0DPJL3KB3,2,,,,,,,,,
1098,simple,FAN1076621,,"Fanola Wonder Frequent Shampoo 350ml - shampoo uso frequente",1,0,visible,"SHAMPOO WONDER FREQUENT 350 ML",,,,taxable,,1,,,0,0,,,,,1,,,"12,2","Linea Beauty",Capelli,,https://overcomsrl.com/wp-content/uploads/2026/06/FAN1076621.webp,,,,,,,,,0,,0514HJCDO8I,https://www.amazon.it/dp/B0DPJKSV95,2,,,,,,,,,
1099,simple,FAN1076622,,"Fanola Wonder Frequent Shampoo 1000ml - shampoo uso frequente",1,0,visible,"WONDER SHAMPOO FREQUENT LT.1",,,,taxable,,1,,,0,0,,,,,1,,,"15,3","Linea Beauty",Capelli,,https://overcomsrl.com/wp-content/uploads/2026/06/FAN1076622.webp,,,,,,,,,0,,0514HJCGBIC,https://www.amazon.it/dp/B0DPJJY86S,2,,,,,,,,,
1100,simple,FAN1096888,,"NO YELLO COLOR 100 ML (T.ROSE)",1,0,visible,"T.ROSE COLOR TONER 100 ML azione antigiallo bilanciata",,,,taxable,,1,,,0,0,,,,,1,,,"12,6","Linea Beauty",Capelli,,https://overcomsrl.com/wp-content/uploads/2026/06/FAN1096888.webp,,,,,,,,,0,,0514HKC5TWR,https://www.amazon.it/dp/B07QMRZ55P,2,,,,,,,,,
1101,simple,FAN1096993,,"FANOLA CONDITIONER BIFASICO ANTIGIALLO SENZA RISCIACQUO NO YELLOW CARE 150 ML",1,0,visible,"NO YELLOW 2-PHASE POTION senza risciacquo 150 ML",,,,taxable,,1,,,0,0,,,,,1,,,"14,7","Linea Beauty",Capelli,,https://overcomsrl.com/wp-content/uploads/2026/06/FAN1096993.webp,,,,,,,,,0,,0514HJ6RKMC,https://www.amazon.it/dp/B089WBHFL3,2,,,,,,,,,
1102,simple,FAN1076064,,"Fanola Nutri Care Restructuring Conditioner",1,0,visible,"CONDIZIONATORE RISTRUTTURANTE TANICA LT.10",,,,taxable,,1,,,0,0,,,,,1,,,"41,5","Linea Beauty",Capelli,,https://overcomsrl.com/wp-content/uploads/2026/06/FAN1076064.webp,,,,,,,,,0,,0514HJCIT9J,https://www.amazon.it/dp/B01CCSVDUS,2,,,,,,,,,
1103,simple,FAN1096994,,"FANOLA No Yellow Care Antigiallo Incredible Foam Mousse, 250 Millilitro",1,0,visible,"INCREDIBLE FOAM NOYELLOW 250ML conditioner in mousse",,,,taxable,,1,,,0,0,,,,,1,,,"16,7","Linea Beauty",Capelli,,https://overcomsrl.com/wp-content/uploads/2026/06/FAN1096994.webp,,,,,,,,,0,,0514HJ6OUFX,https://www.amazon.it/dp/B082XJ5HX2,2,,,,,,,,,
1104,simple,ID950.356,,"Regea Crema Defaticante per Piedi, con Aloe Vera, Mentolo ed Eucalipto, Tubetto da 100 ml",1,0,visible,"REGEA CREMA PIEDI DEFATICANTE 100 ML","La Crema Defaticante per Piedi Regea è un prodotto specifico formulato per chi soffre di piedi gonfi e pesanti. Arricchita con Aloe Vera, Mentolo ed Eucalipto, questa crema offre una sensazione immediata di freschezza e sollievo, rendendo ogni applicazione un momento di puro benessere. Il formato pratico da 100 ml in tubetto la rende ideale sia per l'uso quotidiano a casa che in viaggio. La sua formula idratante e lenitiva agisce in profondità, aiutando a ridurre la sensazione di stanchezza e pesantezza alle gambe e ai piedi. Perfetta da utilizzare dopo una lunga giornata in piedi o dopo l'attività fisica, questa crema è un alleato indispensabile per il benessere dei tuoi piedi. Applicare la quantità desiderata sui piedi puliti e massaggiare delicatamente fino a completo assorbimento per ottenere i migliori risultati.",,,taxable,,1,,,0,0,,,,,1,,,"11,3","Linea Beauty",,,https://overcomsrl.com/wp-content/uploads/2026/06/ID950.356.webp,,,,,,,,,0,,0521HDW0KSN,https://www.amazon.it/dp/B0H2JPYTG6,2,,,,,,,,,
1105,simple,ID950.383,,"OLIO MASSAGGIO MANDORLE DOLCI REGEA NATURAE - FLACONE DA 500 ML",1,0,visible,"REGEA OLIO MASSAGGIO MANDORLE DOLCI 500 ML","OLIO MASSAGGIO MANDORLE DOLCI REGEA NATURAE - FLACONE DA 500 ML",,,taxable,,1,,,0,0,,,,,1,,,"17,0","Linea Beauty",,,https://overcomsrl.com/wp-content/uploads/2026/06/ID950.383.webp,,,,,,,,,0,,0521HDT3V7Z,https://www.amazon.it/dp/B0H2JQ16FH,2,,,,,,,,,
1459,simple,ID950.334,,"REGEA Crema Massaggio Sport Canforata 500ml",1,0,visible,"REGEA CREMA MASSAGGIO SPORT CANFORATA 500ML",,,,taxable,,1,,,0,0,,,,,1,,,"19,2","Linea Beauty",,,https://overcomsrl.com/wp-content/uploads/2026/06/ID950.334.webp,,,,,,,,,0,,0521HCMB9LD,https://www.amazon.it/dp/B07DYCD5JZ,2,,,,,,,,,
1460,simple,ID950.320,,"REGEA Crema Viso Abrasiva Sbiancante 250ml",1,0,visible,"REGEA CREMA VISO ABRASIVA SBIANCANTE 250 ML",,,,taxable,,1,,,0,0,,,,,1,,,"16,6","Linea Beauty",,,https://overcomsrl.com/wp-content/uploads/2026/06/ID950.320.webp,,,,,,,,,0,,0521HCJCEOQ,https://www.amazon.it/dp/B07DY1JD3W,2,,,,,,,,,
1461,simple,ID950.315,,"REGEA Latte Detergente Neutro 500ml",1,0,visible,"REGEA LATTE DETERGENTE NEUTRO 500 ML",,,,taxable,,1,,,0,0,,,,,1,,,"19,2","Linea Beauty",,,https://overcomsrl.com/wp-content/uploads/2026/06/ID950.315.webp,,,,,,,,,0,,0521HCMHB5Y,https://www.amazon.it/dp/B07DY2L64D,2,,,,,,,,,
1462,simple,ID950.303,,"REGEA Crema Seboequilibrante Giorno 250ml",1,0,visible,"REGEA CREMA SEBO EQUILIBRANTE GIORNO 250 ML",,,,taxable,,1,,,0,0,,,,,1,,,"18,5","Linea Beauty",,,https://overcomsrl.com/wp-content/uploads/2026/06/ID950.303.webp,,,,,,,,,0,,0521HCSUZ22,https://www.amazon.it/dp/B07DY39VV8,2,,,,,,,,,
1463,simple,ID950.314,,"REGEA Lipogel Intensivo Collo-Décolleté 100ml",1,0,visible,"REGEA LIPOGEL INTENSIVO COLLO DECOLLETE 100 ML",,,,taxable,,1,,,0,0,,,,,1,,,"15,7","Linea Beauty",,,https://overcomsrl.com/wp-content/uploads/2026/06/ID950.314.webp,,,,,,,,,0,,0521HCPT0Q1,https://www.amazon.it/dp/B07DY9QMXZ,2,,,,,,,,,
1464,simple,ID920.300,,"Olio dopocera, Argan, 500 ml",1,0,visible,"OLIO DOPOCERA ARGAN ML.500","OLIO DOPOCERA ARGAN XANITALIA - FLACONE 500 ML.",,,taxable,,1,,,0,0,,,,,1,,,"14,3","Linea Beauty",,,https://overcomsrl.com/wp-content/uploads/2026/06/ID920.300.webp,,,,,,,,,0,,0320F5CYXHP,https://www.amazon.it/dp/B07M8TYVTB,2,,,,,,,,,
1465,simple,"ID950,328",,"REGEA Crema Idrotonificante Fluida Intensiva 500ml",1,0,visible,"CREMA IDROTONIFICANTE FLUIDA INT. 500 ML",,,,taxable,,1,,,0,0,,,,,1,,,"19,3","Linea Beauty",,,https://overcomsrl.com/wp-content/uploads/2026/06/NOR330705.webp,,,,,,,,,0,,0521HCPMEDH,https://www.amazon.it/dp/B07DYGY6V5,2,,,,,,,,,
1466,simple,FAN86382,,"Fanola Keraterm Shampoo 300Ml",1,0,visible,"KERATERM SHAMPOO 300 ML",,,,taxable,,1,,,0,0,,,,,1,,,"12,55","Linea Beauty",Capelli,,https://overcomsrl.com/wp-content/uploads/2026/06/FAN86382.webp,,,,,,,,,0,,1223FEQGEDI,https://www.amazon.it/dp/B01DWHOTSG,2,,,,,,,,,
1467,simple,FAN1076458,,"Fanola Fantouch Pasta Opaca Flessibile, 100 ml",1,0,visible,"FANTOUCH PASTA OPACA FLESSIBILE 100 ML mad matt",,,,taxable,,1,,,0,0,,,,,1,,,"13,9","Linea Beauty",Capelli,,https://overcomsrl.com/wp-content/uploads/2026/06/FAN1076458.webp,,,,,,,,,0,,0109HTLIZPS,https://www.amazon.it/dp/B0CLVL5LZH,2,,,,,,,,,
1468,simple,FAN86580,,"Fanola Keraterm Mask 300Ml",1,0,visible,"KERATERM MASK 300 ML",,,,taxable,,1,,,0,0,,,,,1,,,"12,6","Linea Beauty",Capelli,,https://overcomsrl.com/wp-content/uploads/2026/06/FAN86580.webp,,,,,,,,,0,,0327FSMQQNO,https://www.amazon.it/dp/B01DWHTXSM,2,,,,,,,,,
1469,simple,FAN96624,,"Fanola No Yellow Crema Decolorante Viola Antigiallo 500gr",1,0,visible,"CREMA DECOLORANTE VIOLA ANTIGIALLO 500 GR",,,,taxable,,1,,,0,0,,,,,1,,,"25,8","Linea Beauty",Capelli,,https://overcomsrl.com/wp-content/uploads/2026/06/FAN96624.webp,,,,,,,,,0,,0704F5G2UKB,https://www.amazon.it/dp/B07BTMTBR9,2,,,,,,,,,
1470,simple,FAN1076258,,"Fanola Vitamins, Lozione Energizzante, 12X10 ml",1,0,visible,"VITAMINS ENERGY LOZIONE ENERGIZZANTE 150 ML",,,,taxable,,1,,,0,0,,,,,1,,,"20,5","Linea Beauty",Capelli,,https://overcomsrl.com/wp-content/uploads/2026/06/FAN1076257.webp,,,,,,,,,0,,0129HOHCZ2G,https://www.amazon.it/dp/B0C4W3B8R4,2,,,,,,,,,
1471,simple,ID950.309,,"Regea crema multivitaminica acido ialuronico e collagene marino 250ml",1,0,visible,"REGEA CREMA MULTIVITAM. ACIDO IALURONICO 250 ML",,,,taxable,,1,,,0,0,,,,,1,,,"20,0","Linea Beauty",,,https://overcomsrl.com/wp-content/uploads/2026/06/ID950.309.webp,,,,,,,,,0,,0521HCM12L9,https://www.amazon.it/dp/B085F1BZGS,2,,,,,,,,,
1472,simple,ID950.311,,"Regea maschera viso lift-action acido ialuronico e semi di cacao 250ml",1,0,visible,"REGEA MASCHERA LIFT ACTION A. IALURONICO 250 ML",,,,taxable,,1,,,0,0,,,,,1,,,"20,0","Linea Beauty",,,https://overcomsrl.com/wp-content/uploads/2026/06/ID950.311.webp,,,,,,,,,0,,0521HCSUZ2E,https://www.amazon.it/dp/B085F1JNRP,2,,,,,,,,,
1473,simple,FAN86307,,"Fanola - Crema colorante per capelli, 8.11 biondo chiaro cenere intenso, 100 ml",1,0,visible,"CREMA COLORE 8.11 BIONDO CHIARO CENERE INTENSO",,,,taxable,,1,,,0,0,,,,,0,,,"9,99","Linea Beauty",Capelli,,https://overcomsrl.com/wp-content/uploads/2026/06/FAN86307.webp,,,,,,,,,0,,0424HAFY4VC,https://www.amazon.it/dp/B00PZ0PJAQ,2,1782734979,,,,,,,,
1475,simple,FAN1076266,,"Fanola Wonder Nourishing, Shampoo Ristrutturante, 350 ml",1,0,visible,"WONDER NOURISHING SHAMPOO FLAC. 350 ML",,,,taxable,,1,,,0,0,,,,,1,,,"12,3","Linea Beauty",Capelli,,https://overcomsrl.com/wp-content/uploads/2026/06/FAN1076266.webp,,,,,,,,,0,,0109HTLFAB1,https://www.amazon.it/dp/B0BYDSY12W,2,,,,,,,,,
1476,simple,ID950.327,,"REGEA Fango Per Trattamento Cosmetico 1000ml",1,0,visible,"REGEA FANGO TRATT. COSM. CELLULITE 1000 ML",,,,taxable,,1,,,0,0,,,,,1,,,"23,7","Linea Beauty",,,https://overcomsrl.com/wp-content/uploads/2026/06/ID950.327.webp,,,,,,,,,0,,0521HCPQT5B,https://www.amazon.it/dp/B07DY6LFQS,2,,,,,,,,,
1477,simple,FAN86468,,"FANOLA ORO THERAPY GOLD ACTIVATOR 20 VOLUMI 1000ML",1,0,visible,"GOLD ACTIVATOR 10 VOLUMI 1000 ML",,,,taxable,,1,,,0,0,,,,,0,,,"9,99","Linea Beauty",Capelli,,https://overcomsrl.com/wp-content/uploads/2026/06/FAN86467.webp,,,,,,,,,0,,0205HCEM5E0,https://www.amazon.it/dp/B0DK1Z3ZRM,2,,default,et_right_sidebar,off,,,,,
1479,simple,FAN86647,,"Fanola Botolife Filler Spray 150Ml",1,0,visible,"BOTOLIFE SPRAY 150 ML",,,,taxable,,1,,,0,0,,,,,1,,,"13,1","Linea Beauty",Capelli,,https://overcomsrl.com/wp-content/uploads/2026/06/FAN86647.webp,,,,,,,,,0,,0402FA236IO,https://www.amazon.it/dp/B00M0SNL1K,2,,,,,,,,,
1480,simple,FAN86316,,"Fanola Crema colorante Colouring Cream 6.66 biondo scuro rosso intenso, 100 ml",1,0,visible,"CREMA COLORE 6.66 BIONDO SCURO ROSSO INTENSO",,,,taxable,,1,,,0,0,,,,,1,,,"9,99","Linea Beauty",Capelli,,https://overcomsrl.com/wp-content/uploads/2026/06/FAN86316.webp,,,,,,,,,0,,0424HABYWEX,https://www.amazon.it/dp/B00PZ0XZ2K,2,,,,,,,,,
1481,simple,FAN86237,,"Fanola Nourishing, Condizionatore ristrutturante, 1000ml",1,0,visible,"CONDIZIONATORE RISTRUTTURANTE 1000 ML (1076054)",,,,taxable,,1,,,0,0,,,,,1,,,"14,1","Linea Beauty",Capelli,,https://overcomsrl.com/wp-content/uploads/2026/06/FAN86237.webp,,,,,,,,,0,,0514HKB85JR,https://www.amazon.it/dp/B00CGPKDJU,2,,,,,,,,,
1482,simple,"ID180,033",,"CERETTA DEPILATORIA LIPOSOLUBILE MICROMICA 400 ML (24)",-1,0,visible,"CERA LIPOSOLUBILE MICROMICA 400 ML BASIC LINE T/24","CERETTA DEPILATORIA BASIC LINE LIPOSOLUBILE 400 ML",,,taxable,,1,,,0,0,,,,,1,,,"99,9","Linea Beauty",,,https://overcomsrl.com/wp-content/uploads/2026/06/ID180.033.webp,,,,,,,,,0,,0320F5WTT31,https://www.amazon.it/dp/B0F224JMD9,2,,,,,,,,,
1483,simple,ID950.384,,"OLIO MASSAGGIO MANDORLE DOLCI REGEA NATURAE - TANICA DA 5.000 ML",1,0,visible,"REGEA OLIO MASSAGGIO MANDORLE DOLCI TANICA LT.5","OLIO MASSAGGIO MANDORLE DOLCI REGEA NATURAE - TANICA DA 5.000 ML",,,taxable,,1,,,0,0,,,,,1,,,"70,0","Linea Beauty",,,https://overcomsrl.com/wp-content/uploads/2026/06/ID950.384.webp,,,,,,,,,0,,0521HDX75V6,https://www.amazon.it/dp/B0H2JMGDYM,2,,,,,,,,,
1484,simple,"ID950,322",,"Regea crema anticellulite professionale acido ialuronico caffeina 400ml",1,0,visible,"CREMA ANTIRUGHE PROFESS ACIDO IALURONICO 200 ML",,,,taxable,,1,,,0,0,,,,,0,,,"19,9","Linea Beauty",,,https://overcomsrl.com/wp-content/uploads/2026/06/BYCRE00364.webp,,,,,,,,,0,,0521HCPSVJM,https://www.amazon.it/dp/B086VN556W,2,,,,,,,,,
1485,simple,FAN86469,,"Fanola Oro Therapy Gold Activator 30 Vol. 1000Ml",1,0,visible,"GOLD ACTIVATOR 30 VOLUMI 1000 ML",,,,taxable,,1,,,0,0,,,,,1,,,"9,99","Linea Beauty",Capelli,,https://overcomsrl.com/wp-content/uploads/2026/06/FAN86469.webp,,,,,,,,,0,,0402FA1I6IY,https://www.amazon.it/dp/B01EZ5RE22,2,,,,,,,,,
1486,simple,FAN86705,,"Fanola Color creama colorante n 4.00 castano intenso, 100 ml",1,0,visible,"CREMA COLORE 4.00 CASTANO INTENSO FANOLA",,,,taxable,,1,,,0,0,,,,,1,,,"9,99","Linea Beauty",Capelli,,https://overcomsrl.com/wp-content/uploads/2026/06/FAN86705.webp,,,,,,,,,0,,0424HAEUHVO,https://www.amazon.it/dp/B01E8LSIU0,2,,,,,,,,,
1487,simple,FAN86011,,"Fanola - Crema colorante per capelli, 6.03 biondo scuro caldo, 100 ml",1,0,visible,"CREMA COLORE 6.03 BIONDO SCURO CALDO FANOLA",,,,taxable,,1,,,0,0,,,,,1,,,"9,99","Linea Beauty",Capelli,,https://overcomsrl.com/wp-content/uploads/2026/06/FAN86011.webp,,,,,,,,,0,,0424HAEK1CZ,https://www.amazon.it/dp/B00CGPIZ22,2,,,,,,,,,
1488,simple,FAN86049,,"Fanola Crema colore Colouring Cream 8.43 Biondo chiaro Rame Oro, 100 ml",1,0,visible,"CREMA COLORE 8.43 BIONDO CHIARO RAME DORATO FANOLA",,,,taxable,,1,,,0,0,,,,,1,,,"9,99","Linea Beauty",Capelli,,https://overcomsrl.com/wp-content/uploads/2026/06/FAN86049.webp,,,,,,,,,0,,0424HAAD3ZH,https://www.amazon.it/dp/B00CGPNOJQ,2,,,,,,,,,
1620,simple,FAN86043,,"FANOLA Hair Color Crema Colorante 6.4 Biondo Scuro Rame, 100 ml",1,0,visible,"CREMA COLORE 6.4 BIONDO SCURO RAME FANOLA",,,,taxable,,1,,,0,0,,,,,0,,,"9,99","Linea Beauty",Capelli,,https://overcomsrl.com/wp-content/uploads/2026/06/FAN86043.webp,,,,,,,,,0,,0514HJ2EOJR,https://www.amazon.it/dp/B00CGPJKJE,2,,,,,,,,,
1621,simple,FAN86306,,"Fanola Hair Color Crema colorante 9.11 Biondo chiaro cenere, 100 ml",1,0,visible,"CREMA COLORE 8.1 BIONDO CHIARO CENERE FANOLA",,,,taxable,,1,,,0,0,,,,,0,,,"9,99","Linea Beauty",Capelli,,https://overcomsrl.com/wp-content/uploads/2026/06/FAN86021.webp,,,,,,,,,0,,0424HAG0VE9,https://www.amazon.it/dp/B00PZ0P640,2,,,,,,,,,
1622,simple,FAN1076150,,"CREMA COLORE PER CAPELLI 100ML COLORZOOM 10 MINUTI 6.6 BIONDO SCURO ROSSO-FANOLA",1,0,visible,"CREMA COLORE 6.6 BIONDO SCURO ROSSO FANOLA",,,,taxable,,1,,,0,0,,,,,0,,,"12,6","Linea Beauty",Capelli,,https://overcomsrl.com/wp-content/uploads/2026/06/FAN86060.webp,,,,,,,,,0,,0506HM376TD,https://www.amazon.it/dp/B09QNG99J5,2,,,,,,,,,
1623,simple,FAN86071,,"Fanola - Crema colorante per capelli, 10.0 biondo platino, 100 ml",1,0,visible,"CREMA COLORE 10.0 BIONDO PLATINO",,,,taxable,,1,,,0,0,,,,,0,,,"9,99","Linea Beauty",Capelli,,https://overcomsrl.com/wp-content/uploads/2026/06/FAN86071.webp,,,,,,,,,0,,0328FWA3EUS,https://www.amazon.it/dp/B00CGPKWXM,2,,,,,,,,,
1624,simple,FAN86040,,"Fanola - Crema colorante per capelli, 7.34 biondo rame dorato, 100 ml",1,0,visible,"CREMA COLORE 7.43 BIONDO RAME DORATO FANOLA",,,,taxable,,1,,,0,0,,,,,0,,,"9,99","Linea Beauty",Capelli,,https://overcomsrl.com/wp-content/uploads/2026/06/FAN86048.webp,,,,,,,,,0,,0430H29ZI4L,https://www.amazon.it/dp/B00CGPJG0M,2,,,,,,,,,
1625,simple,FAN86437,,"FANOLA COLOR COLOR KERATIN ORO PURO CENERE 6.1",1,0,visible,"COLOR KERATIN ORO PURO 9.21",,,,taxable,,1,,,0,0,,,,,0,,,"11,8","Linea Beauty",Capelli,,https://overcomsrl.com/wp-content/uploads/2026/06/FAN1096802.webp,,,,,,,,,0,,0423H6LYRJG,https://www.amazon.it/dp/B01EJXMQRI,2,,,,,,,,,
1626,simple,FAN86427,,"Fanola - Tinta 100 ml (5,0 Castano chiaro)",1,0,visible,"COLOR KERATIN ORO PURO 5.0 CASTANO CHIARO",,,,taxable,,1,,,0,0,,,,,0,,,"9,99","Linea Beauty",Capelli,,https://overcomsrl.com/wp-content/uploads/2026/06/FAN86427.webp,,,,,,,,,0,,0402F9Z9I57,https://www.amazon.it/dp/B07GFQXCN2,2,,,,,,,,,
1627,simple,FAN86025,,"Fanola Crema colorante Colouring Cream 8.13 Biondo chiaro Beige, 100 ml",1,0,visible,"CREMA COLORE 8.13 BIONDO CHIARO BEIGE FANOLA",,,,taxable,,1,,,0,0,,,,,0,,,"9,99","Linea Beauty",Capelli,,https://overcomsrl.com/wp-content/uploads/2026/06/FAN86025.webp,,,,,,,,,0,,0424HACU9O0,https://www.amazon.it/dp/B00CGPQC5O,2,,,,,,,,,
1628,simple,FAN86054,,"FANOLA - Crema per capelli colorati, 100 ml, 6.46, biondo scuro, rame, rosso",1,0,visible,"CREMA COLORE 6.46 BIONDO SCURO RAME ROSSO FANOLA",,,,taxable,,1,,,0,0,,,,,0,,,"9,99","Linea Beauty",Capelli,,https://overcomsrl.com/wp-content/uploads/2026/06/FAN86054.webp,,,,,,,,,0,,0424HA8WL6P,https://www.amazon.it/dp/B00CGPN1RG,2,,,,,,,,,
1629,simple,FAN86470,,"FANOLA Oro Therapy Gold Activator 40 vol 12% 1000ml",1,0,visible,"GOLD ACTIVATOR 40 VOLUMI 1000 ML","L'Oro Therapy Gold Activator è un'emulsione ossidante professionale da 40 volumi (12%) in formato da 1000ml, specificamente formulata per l'utilizzo con colorazioni permanenti per capelli. Questo attivatore è progettato per garantire una miscelazione ottimale con le tinte, permettendo una copertura efficace e risultati di colorazione uniformi. La concentrazione al 12% lo rende particolarmente indicato per schiariture intense e per ottenere tonalità più chiare rispetto al colore naturale dei capelli. Il formato da un litro è ideale per un uso professionale prolungato, offrendo un'ottima resa e praticità d'impiego. Il prodotto appartiene alla linea Oro Therapy, caratterizzata da formulazioni pensate per trattamenti di colorazione professionale. Si consiglia di seguire attentamente le istruzioni d'uso e di effettuare sempre un test preliminare prima dell'applicazione completa.",,,taxable,,1,,,0,0,,,,,0,,,"9,99","Linea Beauty",Capelli,,https://overcomsrl.com/wp-content/uploads/2026/06/FAN86470.webp,,,,,,,,,0,,0514HJ6WX1Q,https://www.amazon.it/dp/B0DJF6G1QH,2,,,,,,,,,
1630,simple,FAN86079,,"Fanola Crema colorante Colouring Cream 6.2 Biondo scuro Viola, 100 ml",1,0,visible,"CREMA COLORE 6.2 BIONDO SCURO VIOLA",,,,taxable,,1,,,0,0,,,,,0,,,"9,99","Linea Beauty",Capelli,,https://overcomsrl.com/wp-content/uploads/2026/06/FAN86079.webp,,,,,,,,,0,,0514HJ2DJLL,https://www.amazon.it/dp/B00CGPY6B6,2,,,,,,,,,
1631,simple,FAN86033,,"FANOLA Hair Color - Crema colorante, 100 ml, 5.2 castano chiaro, viola",1,0,visible,"CREMA COLORE 5.2 CASTANO CHIARO VIOLA FANOLA",,,,taxable,,1,,,0,0,,,,,0,,,"9,99","Linea Beauty",Capelli,,https://overcomsrl.com/wp-content/uploads/2026/06/FAN86033.webp,,,,,,,,,0,,0424HAAHY5K,https://www.amazon.it/dp/B00CGPL4O8,2,,,,,,,,,
1632,simple,FAN86019,,"Fanola Crema colorante Colouring Cream 6.1 Biondo Scuro Cenere, 100 ml",1,0,visible,"CREMA COLORE 6.1 BIONDO SCURO CENERE FANOLA",,,,taxable,,1,,,0,0,,,,,0,,,"9,99","Linea Beauty",Capelli,,https://overcomsrl.com/wp-content/uploads/2026/06/FAN86019.webp,,,,,,,,,0,,0424HAAHG7A,https://www.amazon.it/dp/B00CGPP7M8,2,,,,,,,,,
1633,simple,FAN86315,,"FANOLA - Crema colorante per capelli, 100 ml, 5.66, marrone chiaro, rosso intenso",1,0,visible,"CREMA COLORE 5.66 CASTANO CHIARO ROSSO INTENSO",,,,taxable,,1,,,0,0,,,,,0,,,"9,99","Linea Beauty",Capelli,,https://overcomsrl.com/wp-content/uploads/2026/06/FAN86315.webp,,,,,,,,,0,,0424HAAQ7TY,https://www.amazon.it/dp/B00PZ0X9AI,2,,,,,,,,,
1634,simple,FAN86026,,"FANOLA Hair Color Crema Colorante 9.13 Biondo molto chiaro Beige, 100 ml",1,0,visible,"CREMA COLORE 9.13 BIONDO CHIARO BEIGE FANOLA",,,,taxable,,1,,,0,0,,,,,0,,,"9,99","Linea Beauty",Capelli,,https://overcomsrl.com/wp-content/uploads/2026/06/FAN86026.webp,,,,,,,,,0,,0424HAHOBVP,https://www.amazon.it/dp/B00CGPM3Z2,2,,,,,,,,,
1635,simple,FAN96626,,"FANOLA - Crema colorante per capelli, 100 ml",1,0,visible,"9 ICE - CREMA COLORANTE ANTIGIALLO 100 ML",,,,taxable,,1,,,0,0,,,,,0,,,"9,99","Linea Beauty",Capelli,,https://overcomsrl.com/wp-content/uploads/2026/06/FAN96626.webp,,,,,,,,,0,,0424HAIW14G,https://www.amazon.it/dp/B00CGQ3R7O,2,,,,,,,,,
1636,simple,FAN86610,,"FANOLA COLOR COLOR KERATIN ORO PURO CORRETTORI VIOLA",1,0,visible,"COLOR KERATIN ORO PURO 4.2 CASTANO VIOLA",,,,taxable,,1,,,0,0,,,,,0,,,"11,8","Linea Beauty",Capelli,,https://overcomsrl.com/wp-content/uploads/2026/06/FAN86433.webp,,,,,,,,,0,,0514HJ6U929,https://www.amazon.it/dp/B01EK06RR0,2,,,,,,,,,
1637,simple,FAN86045,,"Fanola Crema colorante Colouring Cream 8.4 Biondo Chiaro Rame, 100 ml",1,0,visible,"CREMA COLORE 8.4 BIONDO CHIARO RAME FANOLA",,,,taxable,,1,,,0,0,,,,,0,,,"9,99","Linea Beauty",Capelli,,https://overcomsrl.com/wp-content/uploads/2026/06/FAN86045.webp,,,,,,,,,0,,0430H254QXA,https://www.amazon.it/dp/B00CGPJMPG,2,,,,,,,,,
1638,simple,FAN86041,,"FANOLA - Crema colorante per capelli, 100 ml, 8.34, biondo chiaro, oro, rame",1,0,visible,"CREMA COLORE 8.34 BIONDO CHIARO DORATO RAME FANOLA",,,,taxable,,1,,,0,0,,,,,0,,,"9,99","Linea Beauty",Capelli,,https://overcomsrl.com/wp-content/uploads/2026/06/FAN86041.webp,,,,,,,,,0,,0424HABECFJ,https://www.amazon.it/dp/B00CGPK9DA,2,,,,,,,,,
1639,simple,FAN86082,,"Fanola Color, Crema colorante per Capelli, 11.7 Super Biondo platin irisé,100 ml",1,0,visible,"COLOR KERATIN ORO PURO 11.7 SUPER BIONDO PLATINO IRISE'",,,,taxable,,1,,,0,0,,,,,0,,,"9,99","Linea Beauty",Capelli,,https://overcomsrl.com/wp-content/uploads/2026/06/FAN86463.webp,,,,,,,,,0,,0424HAHMEQU,https://www.amazon.it/dp/B00CGPKAEI,2,,,,,,,,,
1640,simple,FAN86445,,"FANOLA COLOR COLOR KERATIN ORO PURO DORATI 5.3",1,0,visible,"COLOR KERATIN ORO PURO VIOLA 100 ML",,,,taxable,,1,,,0,0,,,,,0,,,"11,8","Linea Beauty",Capelli,,https://overcomsrl.com/wp-content/uploads/2026/06/FAN86610.webp,,,,,,,,,0,,0423H6EPZVX,https://www.amazon.it/dp/B01EJY6I76,2,,,,,,,,,
1641,simple,FAN86581,,"Fanola Maschera Keraterm Ufficiale 1000 ml",1,0,visible,"MASCHERA ANTIGIALLO 1000 ML",,,,taxable,,1,,,0,0,,,,,0,,,"16,5","Linea Beauty",Capelli,,https://overcomsrl.com/wp-content/uploads/2026/06/FAN96385.webp,,,,,,,,,0,,1223FF233SV,https://www.amazon.it/dp/B01DWHWSRU,2,,,,,,,,,
1642,simple,FAN86709,,"Fanola Crema colorante Colouring Cream 9.00 Biondo Chiaro Intensivo, 100 ml",1,0,visible,"CREMA COLORE 8.00 BIONDO CHIARO INTENSO FANOLA",,,,taxable,,1,,,0,0,,,,,0,,,"9,99","Linea Beauty",Capelli,,https://overcomsrl.com/wp-content/uploads/2026/06/FAN86709.webp,,,,,,,,,0,,0424HAF6B5M,https://www.amazon.it/dp/B01E8MDII6,2,,,,,,,,,
1643,simple,FAN86039,,"FANOLA - Crema colorante per capelli, 100 ml, 6.34, biondo scuro, oro, rame",1,0,visible,"CREMA COLORE 6.34 BIONDO SCURO DORATO RAME FANOLA",,,,taxable,,1,,,0,0,,,,,0,,,"9,99","Linea Beauty",Capelli,,https://overcomsrl.com/wp-content/uploads/2026/06/FAN86039.webp,,,,,,,,,0,,0424HAHOTBO,https://www.amazon.it/dp/B00CGPN3JC,2,,,,,,,,,
1644,simple,FAN86057,,"Fanola Crema colorante Colouring Cream 6.5 Biondo Scuro Mogano, 100 ml",1,0,visible,"CREMA COLORE 6.5 BIONDO SCUROMOGANO FANOLA",,,,taxable,,1,,,0,0,,,,,0,,,"9,99","Linea Beauty",Capelli,,https://overcomsrl.com/wp-content/uploads/2026/06/FAN86057.webp,,,,,,,,,0,,0424HAFOQJJ,https://www.amazon.it/dp/B00CGPJIYG,2,,,,,,,,,
1645,simple,FAN86073,,"Fanola Crema Colore Colouring Cream 9.04 Biondo Chiaro Naturale Rame, 100 ml",1,0,visible,"CREMA COLORE 8.04 BIONDO CHIARO RAME NATURALE FANOLA",,,,taxable,,1,,,0,0,,,,,0,,,"9,99","Linea Beauty",Capelli,,https://overcomsrl.com/wp-content/uploads/2026/06/FAN86017.webp,,,,,,,,,0,,0430H2AJVJD,https://www.amazon.it/dp/B00CGPID6U,2,,,,,,,,,
1646,simple,FAN86023,,"FANOLA - Crema colorante per capelli Fanola 6.13, biondo scuro beige, 100 ml",1,0,visible,"CREMA COLORE 6.13 BIONDO SCURO BEIGE FANOLA",,,,taxable,,1,,,0,0,,,,,0,,,"9,99","Linea Beauty",Capelli,,https://overcomsrl.com/wp-content/uploads/2026/06/FAN86023.webp,,,,,,,,,0,,0424HADEF6R,https://www.amazon.it/dp/B00CGPJHWO,2,,,,,,,,,
1647,simple,ID120017,,"RICARICA RULLO MICROMICA 100ML - CF 12 PZ",-1,0,visible,"RICARICA TITANIO RULLO MINI viso 100 ML CRT/24","RICARICA RULLO MICROMICA 100ML - CF 12 PZ",,,taxable,,1,,,0,0,,,,,0,,,"16,25","Linea Beauty",,,https://overcomsrl.com/wp-content/uploads/2026/06/ID120017.webp,,,,,,,,,0,,0221FXP59KZ,https://www.amazon.it/dp/B0DY1MVJVQ,2,,,,,,,,,
1648,simple,FAN86235,,"Fanola Nutri Care - Maschera Ristrutturante, 1500 ml",1,0,visible,"MASCHERA RISTRUTTURANTE FANOLA 1500 ML (1076056)",,,,taxable,,1,,,0,0,,,,,0,,,"14,7","Linea Beauty",Capelli,,https://overcomsrl.com/wp-content/uploads/2026/06/FAN86235.webp,,,,,,,,,0,,0326FP35EFX,https://www.amazon.it/dp/B00CGPMLDG,2,,,,,,,,,
1649,simple,FAN86028,,"FANOLA - Crema colorante per capelli 5.14, cioccolato, 100 ml",1,0,visible,"CREMA COLORE 5.14 CIOCCOLATO FANOLA",,,,taxable,,1,,,0,0,,,,,0,,,"9,99","Linea Beauty",Capelli,,https://overcomsrl.com/wp-content/uploads/2026/06/FAN86028.webp,,,,,,,,,0,,0424HAHSIH0,https://www.amazon.it/dp/B00CGPVL9Q,2,,,,,,,,,
1650,simple,FAN86053,,"Fanola Crema colore Colouring Cream 5.46 Marrone chiaro Rame Rosso, 100 ml",1,0,visible,"CREMA COLORE 5.46 CASTANO CHIARO RAME ROSSO FANOLA",,,,taxable,,1,,,0,0,,,,,0,,,"9,99","Linea Beauty",Capelli,,https://overcomsrl.com/wp-content/uploads/2026/06/FAN86053.webp,,,,,,,,,0,,0424HAF2QW1,https://www.amazon.it/dp/B00CGPKT9Y,2,,,,,,,,,
1651,simple,FAN86429,,"FANOLA COLOR COLOR KERATIN ORO PURO NATURALI 7.0",1,0,visible,"COLOR KERATIN ORO PURO 7.0 BIONDO",,,,taxable,,1,,,0,0,,,,,0,,,"11,8","Linea Beauty",Capelli,,https://overcomsrl.com/wp-content/uploads/2026/06/FAN86429.webp,,,,,,,,,0,,0423H6I0K1E,https://www.amazon.it/dp/B00GIMD8RQ,2,,,,,,,,,
1652,simple,AMU419841,,"Salviette Xgerm Disinfettanti per le Mani - Busta da 20 Salviette - Confezione da 6 Buste",-1,0,visible,"SALVIETTE XGERM DISINFETTANTI MANI CRT. 6 PZ","SALVIETTE XGERM DISINFETTANTI PER LE MANI AMUCHINA - BUSTA DA 20 SALVIETTE - CONFEZIONE DA 6 BUSTE",,,taxable,,1,,,0,0,,,,,0,,,"23,99","Linea Beauty",,,https://overcomsrl.com/wp-content/uploads/2026/06/AMU419841.webp,,,,,,,,,0,,0627FJ2YIXD,https://www.amazon.it/dp/B0FFT99FLC,2,,,,,,,,,
1653,simple,FAN86061,,"Fanola Crema colorante Colouring Cream 7.6 Biondo Rosso, 100 ml",1,0,visible,"CREMA COLORE 7.6 BIONDO ROSSO FANOLA",,,,taxable,,1,,,0,0,,,,,0,,,"9,99","Linea Beauty",Capelli,,https://overcomsrl.com/wp-content/uploads/2026/06/FAN86061.webp,,,,,,,,,0,,0424HAEOX7Z,https://www.amazon.it/dp/B00CGPL4ZC,2,,,,,,,,,
1654,simple,ID930.111,,"CERETTA DEPILATORIO LIPOSOLUBILE XANITALIA CLOROFILLA - BARATTOLO DA 400 ML",1,0,visible,"CERA LIPOSOLUBILE VERDE CLOROFILLA 400 ML","CERETTA DEPILATORIO LIPOSOLUBILE XANITALIA CLOROFILLA - BARATTOLO DA 400 ML",,,taxable,,1,,,0,0,,,,,0,,,"11,9","Linea Beauty",,,https://overcomsrl.com/wp-content/uploads/2026/06/ID930.111.webp,,,,,,,,,0,,0210HS3J11O,https://www.amazon.it/dp/B0GMRVKW3S,2,,,,,,,,,
1655,simple,FAN86644,,"Fanola Botugen Mask, maschera ristrutturante all'acido ialuronico 300ml",1,0,visible,"BOTOLIFE MASK MASCHERA RICOSTRUTTRICE 300 ML",,,,taxable,,1,,,0,0,,,,,0,,,"12,6","Linea Beauty",Capelli,,https://overcomsrl.com/wp-content/uploads/2026/06/FAN86644.webp,,,,,,,,,0,,0327FSCQ0ZO,https://www.amazon.it/dp/B00M0SIWGO,2,,,,,,,,,
1656,simple,FAN86238,,"Fanola Nurishing Cristalli Liquidi Ristrutturanti Capelli Danneggiati 100ml",1,0,visible,"CRISTALLI LIQUIDI RISTRUTTURANTI 100 ML ARANCIO (1076062)",,,,taxable,,1,,,0,0,,,,,0,,,"15,3","Linea Beauty",Capelli,,https://overcomsrl.com/wp-content/uploads/2026/06/FAN86238.webp,,,,,,,,,0,,0327FS67YWV,https://www.amazon.it/dp/B08L4HYNWH,2,,,,,,,,,
1657,simple,FAN86804,,"FANOLA COLOR COLOR KERATIN ORO PURO NATURALI INTENSI 8.00",1,0,visible,"COLOR KERATIN ORO PURO 6.00 BIONDO SCURO INTENSO",,,,taxable,,1,,,0,0,,,,,0,,,"11,8","Linea Beauty",Capelli,,https://overcomsrl.com/wp-content/uploads/2026/06/FAN86804.webp,,,,,,,,,0,,0423H6GDRZJ,https://www.amazon.it/dp/B01EHQ0OCG,2,,,,,,,,,
1658,simple,FAN86334,,"Mascarailla ricci e capelli mossi 100ml",1,0,visible,"MASCHERA CAPELLI RICCI E ONDULATI 1000 ML",,,,taxable,,1,,,0,0,,,,,0,,,"9,99","Linea Beauty",Capelli,,https://overcomsrl.com/wp-content/uploads/2026/06/FAN86878.webp,,,,,,,,,0,,0424HAFXAXO,https://www.amazon.it/dp/B00PZ0XJ0S,2,,,,,,,,,
1659,simple,FAN86016,,"Fanola Crema colorante Colouring Cream 7.04 Biondo naturale Rame, 100 ml",1,0,visible,"CREMA COLORE 7.04 BIONDO RAME NATURALE FANOLA",,,,taxable,,1,,,0,0,,,,,0,,,"9,99","Linea Beauty",Capelli,,https://overcomsrl.com/wp-content/uploads/2026/06/FAN86016.webp,,,,,,,,,0,,0424HAICUUT,https://www.amazon.it/dp/B00CGPM5BE,2,,,,,,,,,
1660,simple,FAN86008,,"Fanola Crema colorante Colouring Cream 9.0 Biondo Chiaro, 100 ml",1,0,visible,"CREMA COLORE 8.0 BIONDO CHIARO FANOLA",,,,taxable,,1,,,0,0,,,,,0,,,"9,99","Linea Beauty",Capelli,,https://overcomsrl.com/wp-content/uploads/2026/06/FAN86007.webp,,,,,,,,,0,,0424HAEW7DK,https://www.amazon.it/dp/B00CGPI6ZS,2,,,,,,,,,
1661,simple,FAN86424,,"TINTA ORO COLOR KERATING 100ML 1.0",1,0,visible,"ARTISTIC COLOUR ALL FREE 100ML 1.0",,,,taxable,,1,,,0,0,,,,,0,,,"11,8","Linea Beauty",,,https://overcomsrl.com/wp-content/uploads/2026/06/AH1909.webp,,,,,,,,,0,,0423H6GKRCP,https://www.amazon.it/dp/B00GIMCWX2,2,,,,,,,,,
1662,simple,ID1100.001,,"Xanitalia TANGA DONNA BIANCO MONOUSO 100PZ",1,0,visible,"TANGA DONNA CONF. 100 PEZZI","Xanitalia TANGA DONNA BIANCO MONOUSO 100PZ",,,taxable,,1,,,0,0,,,,,0,,,"14,9","Linea Beauty",,,https://overcomsrl.com/wp-content/uploads/2026/06/ID1100.001.webp,,,,,,,,,0,,0218FO8VPFY,https://www.amazon.it/dp/B0783NW5XX,2,,,,,,,,,
1663,simple,FAN86059,,"FANOLA - Crema colorante per capelli 5.6, marrone chiaro, rosso, 100 ml",1,0,visible,"CREMA COLORE 5.6 CASTANO CHIARO ROSSO FANOLA",,,,taxable,,1,,,0,0,,,,,0,,,"9,99","Linea Beauty",Capelli,,https://overcomsrl.com/wp-content/uploads/2026/06/FAN86059.webp,,,,,,,,,0,,0424HAI81Z5,https://www.amazon.it/dp/B00CGPS36U,2,,,,,,,,,
1664,simple,FAN86021,,"Fanola crema colore color cream 8.1 biondo chiaro frassino, 100 ml (la confezione può variare)",1,0,visible,"CREMA COLORE 8.2F biondo chiaro viola FANTASIA 100 ML",,,,taxable,,1,,,0,0,,,,,0,,,"9,99","Linea Beauty",Capelli,,https://overcomsrl.com/wp-content/uploads/2026/06/FAN96358.webp,,,,,,,,,0,,0424HAI81TN,https://www.amazon.it/dp/B00CGPJLVQ,2,,,,,,,,,
1665,simple,FAN86077,,"Fanola Crema colore Colouring Cream 9.14 Noce, 100 ml",1,0,visible,"CREMA COLORE R.66 RED BOOSTER 100 ML",,,,taxable,,1,,,0,0,,,,,0,,,"9,99","Linea Beauty",Capelli,,https://overcomsrl.com/wp-content/uploads/2026/06/FAN86334.webp,,,,,,,,,0,,0424HADGQDK,https://www.amazon.it/dp/B00CGPID2E,2,,,,,,,,,
1666,simple,"ID1300,021",,"Xanitalia Spatola In Legno Stendi Cera conf.100pz",1,0,visible,"SPATOLA LEGNO DEPILAZIONE CNF.100 PZ",,,,taxable,,1,,,0,0,,,,,0,,,"9,7","Linea Beauty",,,https://overcomsrl.com/wp-content/uploads/2026/06/ID1300.021.webp,,,,,,,,,0,,0410FX1DDKZ,https://www.amazon.it/dp/B095CSMJF3,2,,,,,,,,,
1667,simple,FAN86038,,"FANOLA Hair Color Crema tintura 9.3 biondo oro molto chiaro, 100 ml",1,0,visible,"COLOR KERATIN ORO PURO 8.31 BIONDO CHIARO SABBIA 100 ML",,,,taxable,,1,,,0,0,,,,,0,,,"9,99","Linea Beauty",Capelli,,https://overcomsrl.com/wp-content/uploads/2026/06/FAN86355.webp,,,,,,,,,0,,0424HAHRADR,https://www.amazon.it/dp/B00CGPP89K,2,,,,,,,,,
1669,simple,ICOM1307,,"BAGNO DOCCIA LATTE NATUREB FLACONE 1.000 ML - CONFEZIONE DA 12 FLACONI",-1,0,visible,"BAGNO DOCCIA LATTE 1000 ML NATURERB T/12","BAGNO DOCCIA LATTE NATUREB FLACONE 1.000 ML - CONFEZIONE DA 12 FLACONI",,,taxable,,1,,,0,0,,,,,0,,,"29,9","Linea Beauty",,,https://overcomsrl.com/wp-content/uploads/2026/06/ICOM1307.webp,,,,,,,,,0,,0513FK37R86,https://www.amazon.it/dp/B0FHBC2PX5,2,,,,,,,,,
1670,simple,FAN86657,,"Fanola Neutralizzante Per Permanenti 1000 Ml Cura della persona e salute",1,0,visible,"NEUTRALIZZANTE PER PERMANENTE FANOLA 1000ML",,,,taxable,,1,,,0,0,,,,,0,,,"9,4","Linea Beauty",Capelli,,https://overcomsrl.com/wp-content/uploads/2026/06/FAN86657.webp,,,,,,,,,0,,0514HJSWORM,https://www.amazon.it/dp/B01E5D2N2A,2,,,,,,,,,
1671,simple,FAN86044,,"FANOLA - Crema colorante per capelli, 100 ml, 7.4, biondo rame",1,0,visible,"CREMA COLORE 7.4 BIONDO RAME FANOLA",,,,taxable,,1,,,0,0,,,,,0,,,"9,99","Linea Beauty",Capelli,,https://overcomsrl.com/wp-content/uploads/2026/06/FAN86044.webp,,,,,,,,,0,,0424HABO8JP,https://www.amazon.it/dp/B00CGPKS36,2,,,,,,,,,
1672,simple,FAN86029,,"Fanola Crema colorante Colouring Cream 6.14 Nocciola, 100 ml",1,0,visible,"CREMA COLORE 6.14 NOCCIOLA FANOLA",,,,taxable,,1,,,0,0,,,,,0,,,"9,99","Linea Beauty",Capelli,,https://overcomsrl.com/wp-content/uploads/2026/06/FAN86029.webp,,,,,,,,,0,,0424HAHK238,https://www.amazon.it/dp/B00CGPL9KC,2,,,,,,,,,
1673,simple,FAN86443,,"FANOLA COLOR COLOR KERATIN ORO PURO CIOCCOLATO 5.14, 119.9999 grammo, 1",1,0,visible,"COLOR KERATIN ORO PURO 5.14 CIOCCOLATO EXTRA FONDENTE",,,,taxable,,1,,,0,0,,,,,0,,,"11,8","Linea Beauty",Capelli,,https://overcomsrl.com/wp-content/uploads/2026/06/FAN86443.webp,,,,,,,,,0,,0423H6GSW6I,https://www.amazon.it/dp/B01EJY389W,2,,,,,,,,,
1674,simple,FAN86042,,"Fanola Crema Colore Colouring Cream 5.4 Marrone chiaro Rame, 100 ml",1,0,visible,"CREMA COLORE 5.4 CASTANO CHIARO RAME FANOLA",,,,taxable,,1,,,0,0,,,,,0,,,"9,99","Linea Beauty",Capelli,,https://overcomsrl.com/wp-content/uploads/2026/06/FAN86042.webp,,,,,,,,,0,,0424HA9IKR2,https://www.amazon.it/dp/B00CGPLCHW,2,,,,,,,,,
1675,simple,ID930.652,,"Xanitalia Pro Il Multidirezionale Lime Perfect Touch Film Cera - 1000 Gr",1,0,visible,"CERA MULTIDIREZIONALE LIME BUSTA 1000GR","Xanitalia Pro Il Multidirezionale Lime Perfect Touch Film Cera sacchetto 1000 Gr - Confezione da 3 sacchetti",,,taxable,,1,,,0,0,,,,,0,,,"21,3","Linea Beauty",,,https://overcomsrl.com/wp-content/uploads/2026/06/ID930.652.webp,,,,,,,,,0,,0128F7BYSZ0,https://www.amazon.it/dp/B08C17Y6ZW,2,,,,,,,,,
1676,simple,FAN86338,,"Polvere decolorante compatta blu dust free 500gr OroTherapy",1,0,visible,"POLVERE DECOLORANTE BLU LIGHTENER 450 GR.",,,,taxable,,1,,,0,0,,,,,0,,,"18,4","Linea Beauty",Capelli,,https://overcomsrl.com/wp-content/uploads/2026/06/FAN1076102.webp,,,,,,,,,0,,0109HTXO9YR,https://www.amazon.it/dp/B0CW3GGLDQ,2,,,,,,,,,
1677,simple,"ID1500,104",,"Cera Liposolubile Premium HD Alta Resa 350ml Xanitalia * Nuovo Barattolo* (Zinco)",1,0,visible,"CERA LIPO OSSIDO DI ZINCO PREMIUM HD ALTA RESA 350 ML",,,,taxable,,1,,,0,0,,,,,0,,,"9,99","Linea Beauty",,,https://overcomsrl.com/wp-content/uploads/2026/06/ID1500.104.webp,,,,,,,,,0,,0207FSHRC0T,https://www.amazon.it/dp/B01C0QGNOS,2,,,,,,,,,
1678,simple,FAN86090,,"Fanola Tinta Crema Colore 100 ML Argento",1,0,visible,"CREMA COLORE FANOLA TONER ARGENTO",,,,taxable,,1,,,0,0,,,,,0,,,"9,99","Linea Beauty",Capelli,,https://overcomsrl.com/wp-content/uploads/2026/06/FAN86090.webp,,,,,,,,,0,,0424HAAR3US,https://www.amazon.it/dp/B00CGPS68A,2,,,,,,,,,
1679,simple,FAN86056,,"Fanola Crema colorante Colouring Cream 5.5 marrone chiaro mogano 100 ml",1,0,visible,"CREMA COLORE 5.5 CASTANO CHIARO MOGANO FANOLA",,,,taxable,,1,,,0,0,,,,,0,,,"9,99","Linea Beauty",Capelli,,https://overcomsrl.com/wp-content/uploads/2026/06/FAN86056.webp,,,,,,,,,0,,0424HAFOZBM,https://www.amazon.it/dp/B00CGPHYSI,2,,,,,,,,,
1680,simple,FAN86708,,"Fanola Crema colorante Coloring Cream 7.00 Blond Intensiv, 100 ml",1,0,visible,"CREMA COLORE 7.00 BIONDO INTENSO FANOLA",,,,taxable,,1,,,0,0,,,,,0,,,"9,99","Linea Beauty",Capelli,,https://overcomsrl.com/wp-content/uploads/2026/06/FAN86708.webp,,,,,,,,,0,,0424HAKWGFK,https://www.amazon.it/dp/B01E8MA302,2,,,,,,,,,
1681,simple,RODEP536,,"Ro.ial. - Rotolo Per Epilazione in TNT, 1 Pezzo",1,0,visible,"ROTOLO DEPILAZIONE N100 CRT. 24 ROTOLI",,,,taxable,,1,,,0,0,,,,,0,,,"13,9","Linea Beauty",,,https://overcomsrl.com/wp-content/uploads/2026/06/RODEP536.webp,,,,,,,,,0,,0513FK9TZLW,https://www.amazon.it/dp/B00FA11MIS,2,,,,,,,,,
1682,simple,FAN86051,,"Fanola Crema colore Colouring Cream 7.44 Biondo vivace Rame, 100 ml",1,0,visible,"CREMA COLORE FANOLA 8.44 BIONDO CHIARO RAME INTENSO FANOLA",,,,taxable,,1,,,0,0,,,,,0,,,"9,99","Linea Beauty",Capelli,,https://overcomsrl.com/wp-content/uploads/2026/06/FAN86052.webp,,,,,,,,,0,,0424HAFD6IO,https://www.amazon.it/dp/B00CGPN5ZO,2,,,,,,,,,
1683,simple,FAN86068,,"FANOLA - Crema per capelli Fanola 100 ml",1,0,visible,"CREMA COLORE FANOLA BLU 100ML",,,,taxable,,1,,,0,0,,,,,0,,,"9,99","Linea Beauty",Capelli,,https://overcomsrl.com/wp-content/uploads/2026/06/FAN86068.webp,,,,,,,,,0,,0424HACABOE,https://www.amazon.it/dp/B00PZ0RQMU,2,,,,,,,,,
1684,simple,FAN86687,,"Fanola Nutri Care Lozione Ristrutturante Senza Risciacquo Capelli - 144 Ml",1,0,visible,"CONDIZIONAT. RISTRUTTURANTE s/risciacquo TUBO 300 ML (1076057)",,,,taxable,,1,,,0,0,,,,,0,,,"18,6","Linea Beauty",Capelli,,https://overcomsrl.com/wp-content/uploads/2026/06/FAN86879.webp,,,,,,,,,0,,0326FOX4R3X,https://www.amazon.it/dp/B07XLBBZFN,2,,,,,,,,,
1685,simple,ID950.349,,"REGEA Siero Idratazione Profonda 100ml",1,0,visible,"REGEA CRIO LOZIONE BENDAGGIO FREDDO 1000 ML",,,,taxable,,1,,,0,0,,,,,0,,,"15,7","Linea Beauty",,,https://overcomsrl.com/wp-content/uploads/2026/06/ID950.349.webp,,,,,,,,,0,,0521HCSUNVX,https://www.amazon.it/dp/B07DY9BY2W,2,,,,,,,,,
1686,simple,FAN86035,,"FANOLA - Crema colorante per capelli, 100 ml, oro biondo scuro 6.3",1,0,visible,"CREMA COLORE 6.0 BIONDO SCURO FANOLA",,,,taxable,,1,,,0,0,,,,,0,,,"9,99","Linea Beauty",Capelli,,https://overcomsrl.com/wp-content/uploads/2026/06/FAN86005.webp,,,,,,,,,0,,0424HAFQB78,https://www.amazon.it/dp/B015RYGCU0,2,,,,,,,,,
1687,simple,FAN86645,,"Fanola, Botugen Mask, Maschera Ricostruttrice, Con Acido Ialuronico e Cheratina, 1000 ML",1,0,visible,"BOTOLIFE MASK MASCHERA RICOSTRUTTRICE 1000 ML",,,,taxable,,1,,,0,0,,,,,0,,,"16,7","Linea Beauty",Capelli,,https://overcomsrl.com/wp-content/uploads/2026/06/FAN86645.webp,,,,,,,,,0,,0327FSLFHIW,https://www.amazon.it/dp/B00O3V09WG,2,,,,,,,,,
1688,simple,FAN86311,,"Fanola Crema Colore Colouring Cream 5.29 Extra Cioccolato, 100 ml",1,0,visible,"CREMA COLORE 5.29 CIOCCOLATO EXTRA",,,,taxable,,1,,,0,0,,,,,0,,,"9,99","Linea Beauty",Capelli,,https://overcomsrl.com/wp-content/uploads/2026/06/FAN86311.webp,,,,,,,,,0,,0424HAFMYVM,https://www.amazon.it/dp/B00L5D79DW,2,,,,,,,,,
1689,simple,FAN86024,,"FANOLA - Crema colorante per capelli Fanola, 100 ml, 7.13, biondo beige",1,0,visible,"CREMA COLORE 10.13 BIONDO PLATINO BEIGE",,,,taxable,,1,,,0,0,,,,,0,,,"9,99","Linea Beauty",Capelli,,https://overcomsrl.com/wp-content/uploads/2026/06/FAN86086.webp,,,,,,,,,0,,0430H27B44A,https://www.amazon.it/dp/B00CGPJJ18,2,,,,,,,,,
1690,simple,MD0002,,"Sterilizzante Disinfettante in polvere Peroxill 2KG",1,0,visible,"SELEKO DISINFETTANTE SPRAY POLIV. ML.500 T/12","Sterilizzante Disinfettante in polvere Peroxill 2KG",,,taxable,,1,,,0,0,,,,,0,,,"45,3","Linea Beauty",,,https://overcomsrl.com/wp-content/uploads/2026/06/MD05GA0350.webp,,,,,,,,,0,,0303FR0KKM0,https://www.amazon.it/dp/B01G7ESHRK,2,,,,,,,,,
1691,simple,FAN86012,,"FANOLA 9.03 - Crema colorante per capelli, 100 ml, biondo caldo molto chiaro",1,0,visible,"CREMA COLORE 7.03 BIONDO CALDO FANOLA",,,,taxable,,1,,,0,0,,,,,0,,,"9,99","Linea Beauty",Capelli,,https://overcomsrl.com/wp-content/uploads/2026/06/FAN86012.webp,,,,,,,,,0,,0424HAEZNZJ,https://www.amazon.it/dp/B00CGPKLUQ,2,,,,,,,,,
1692,simple,MD04LH0010,,"BACTISN WIPE 2000 - Salviette disinfettanti - Confezione 72 salviette",1,0,visible,"SALVIETTE BACTISAN WIPE 2000 disinfett disp medici CONF. 72 PZ","BACTISN WIPE 2000 - Salviette disinfettanti - Confezione 72 salviette",,,taxable,,1,,,0,0,,,,,0,,,"14,5","Linea Beauty",,,https://overcomsrl.com/wp-content/uploads/2026/06/MD04LH0010.webp,,,,,,,,,0,,0203H4FQLOU,https://www.amazon.it/dp/B0GL8T26FL,2,,,,,,,,,
1693,simple,ID950.355,,"Crema defaticante per i piedi",1,0,visible,"REGEA CREMA PIEDI DEFATICANTE 500 ML",,,,taxable,,1,,,0,0,,,,,0,,,"19,8","Linea Beauty",,,https://overcomsrl.com/wp-content/uploads/2026/06/ID950.355.webp,,,,,,,,,0,,0521HCWVFVN,https://www.amazon.it/dp/B093BW3553,2,,,,,,,,,
1694,simple,FAN86231,,"FANOLA Nourishing Shampoo Ristrutturante Capelli Danneggiati 350ml",1,0,visible,"SHAMPOO RISTRUTTURANTE FANOLA 350 ML (1076051)",,,,taxable,,1,,,0,0,,,,,0,,,"11,4","Linea Beauty",Capelli,,https://overcomsrl.com/wp-content/uploads/2026/06/FAN86231.webp,,,,,,,,,0,,0327FS6D5YC,https://www.amazon.it/dp/B08L4GFMTJ,2,,,,,,,,,
1695,simple,FAN86313,,"FANOLA - Crema colorante per capelli Fanola, 100 ml, 7.29, cioccolato nocciola",1,0,visible,"CREMA COLORE 7.29 CIOCCOLATO GIANDUIA",,,,taxable,,1,,,0,0,,,,,0,,,"9,99","Linea Beauty",Capelli,,https://overcomsrl.com/wp-content/uploads/2026/06/FAN86313.webp,,,,,,,,,0,,0424HAAHBL5,https://www.amazon.it/dp/B00PZ0RZ4O,2,,,,,,,,,
1696,simple,FAN86879,,"Fanola Nutri Care Leave-in Balsamo da 300 ml",1,0,visible,"SHAMPOO NUTRI CARE 300 ML",,,,taxable,,1,,,0,0,,,,,0,,,"11,4","Linea Beauty",,,https://overcomsrl.com/wp-content/uploads/2026/06/AH1417.webp,,,,,,,,,0,,0326FP6DWTA,https://www.amazon.it/dp/B01CCSPXFO,2,,,,,,,,,
1697,simple,ROK462,,"Generico KIMONO MONOUSO NERO UNISEX - CONF. 10 PZ.",1,0,visible,"SGORBIA MONOUSO 1mm CONF. 20 PZ",,,,taxable,,1,,,0,0,,,,,0,,,"14,6","Linea Beauty",,,https://overcomsrl.com/wp-content/uploads/2026/06/KP4441.1.webp,,,,,,,,,0,,0220FUHAXU5,https://www.amazon.it/dp/B0DXVHP17B,2,,,,,,,,,
1698,simple,FAN86081,,"FANOLA - Crema tintura per capelli Fanola 100 ml 11.2 Super Blond Platin Perl",1,0,visible,"CREMA COLORE 12.2 SUPER BIONDO PLATINO PERLA EXTRA",,,,taxable,,1,,,0,0,,,,,0,,,"9,99","Linea Beauty",Capelli,,https://overcomsrl.com/wp-content/uploads/2026/06/FAN86324.webp,,,,,,,,,0,,0424HAAQXUF,https://www.amazon.it/dp/B00CGPM24E,2,,,,,,,,,
1699,simple,ID373.615,,"Xanitalia Pro Lima Due Facce Lavabile Zebra Dura 100/180 Pack 10 Pcs - 110 g",1,0,visible,"LIMA 2 FACCE MOON ZEBRA 100/180 CNF 10 PZ",,,,taxable,,1,,,0,0,,,,,0,,,"15,8","Linea Beauty",,,https://overcomsrl.com/wp-content/uploads/2026/06/ID373.615.webp,,,,,,,,,0,,0221FXX7SSG,https://www.amazon.it/dp/B07YHT8D28,2,,,,,,,,,
1700,simple,"ID180,025",,"CERA DEPILATORIA LIPOSOLUBILE TITANIUM - BARATTOLO DA 400 ML - CONFEZIONE DA 3 BARATTOLI",-1,0,visible,"CERA LIPOSOLUBILE ROSA AL TITANIO 400 ML BASIC LINE T/24","CERA DEPILATORIA LIPOSOLUBILE TITANIUM - BARATTOLO DA 400 ML - CONFEZIONE DA 3 BARATTOLI",,,taxable,,1,,,0,0,,,,,0,,,"19,9","Linea Beauty",,,https://overcomsrl.com/wp-content/uploads/2026/06/ID180.025.webp,,,,,,,,,0,,0515FRXJUSG,https://www.amazon.it/dp/B0F8R6M9CD,2,,,,,,,,,
1701,simple,CR84570,,"Asciugamani Piegati V EXTRA 2.0 Centralcarta FP0110 - Confezione da 3.000 pezzi",1,0,visible,"ASCIUGAMANI PIEGATI A V 2 VELI CRT.3000 PZ (12x250)","Asciugamani Piegati V EXTRA 2.0 Centralcarta FP0110 - Confezione da 3.000 pezzi",,,taxable,,1,,,0,0,,,,,0,,,"25,5","Linea Beauty",,,https://overcomsrl.com/wp-content/uploads/2026/06/CR84570.webp,,,,,,,,,0,,0408HBNC9YD,https://www.amazon.it/dp/B0GWHYP3P1,2,,,,,,,,,
1702,simple,ID930.653,,"Xanitalia Pro Il Multidirezionale Cocco Perfect Touch Film Cera - 1000 Gr - CF 6 PZ",-1,0,visible,"CERA MULTIDIREZIONALE COCCO BUSTA 1000GR","Xanitalia Pro Il Multidirezionale Cocco Perfect Touch Film Cera - 1000 Gr - CF 6 PZ",,,taxable,,1,,,0,0,,,,,0,,,"90,0","Linea Beauty",,,https://overcomsrl.com/wp-content/uploads/2026/06/ID930.653.webp,,,,,,,,,0,,0410FWE70UC,https://www.amazon.it/dp/B0F4D4HPJL,2,,,,,,,,,
1703,simple,FAN86160,,"FANOLA ATTIVATORE 3,5 VOL 1 LT",1,0,visible,"ATTIVATORE 3",,,,taxable,,1,,,0,0,,,,,0,,,"9,5","Linea Beauty",Capelli,,https://overcomsrl.com/wp-content/uploads/2026/06/FAN86160.webp,,,,,,,,,0,,0205HCP3XV3,https://www.amazon.it/dp/B011PVB1KK,2,,,,,,,,,
1704,simple,FAN96629,,"CREMA COLORE PER CAPELLI AZIONE ANTIGIALLO 100ML-NO YELLOW COLOR TONER FANOLA (- S.1322 SUPERSC.ANTIGIALLO INT)",1,0,visible,"CREMA COLORE 11.1 BIONDO PLATINO CENERE FANOLA",,,,taxable,,1,,,0,0,,,,,0,,,"12,6","Linea Beauty",Capelli,,https://overcomsrl.com/wp-content/uploads/2026/06/FAN86063.webp,,,,,,,,,0,,0514HJLQQLZ,https://www.amazon.it/dp/B07BT8X4NV,2,,,,,,,,,
1705,simple,FAN1096802,,"Fanola Oro Therapy Color Keratin 9.21, 100 ml",1,0,visible,"COLOR KERATIN ORO PURO BLU 100 ML",,,,taxable,,1,,,0,0,,,,,0,,,"11,8","Linea Beauty",Capelli,,https://overcomsrl.com/wp-content/uploads/2026/06/FAN86607.webp,,,,,,,,,0,,0423H6EN3YI,https://www.amazon.it/dp/B07GFP77VF,2,,,,,,,,,
1706,simple,FAN86670,,"FANOLA STIRATURA KIT MONODOSE 100+120 ml",1,0,visible,"CREMA STIRANTE MONODOSE 100 ML + NEUTRALIZZANTE",,,,taxable,,1,,,0,0,,,,,0,,,"12,4","Linea Beauty",Capelli,,https://overcomsrl.com/wp-content/uploads/2026/06/FAN86670.webp,,,,,,,,,0,,0514HJLTZS2,https://www.amazon.it/dp/B01E5D0L9W,2,,,,,,,,,
1707,simple,FAN86234,,"FANOLA Maschera Spray Ristrutturante Nutri One 10 Azioni 200ml",1,0,visible,"MASCHERA RISTRUTTURANTE FANOLA 500 ML (1076055)",,,,taxable,,1,,,0,0,,,,,0,,,"14,0","Linea Beauty",Capelli,,https://overcomsrl.com/wp-content/uploads/2026/06/FAN86234.webp,,,,,,,,,0,,0327FSO0WRK,https://www.amazon.it/dp/B08L4GTGND,2,,,,,,,,,
1708,simple,FAN86810,,"FANOLA Hair Color - Crema tintura 8.14, cacao, 100 ml",1,0,visible,"COLOR KERATIN ORO PURO 4.14 CACAO",,,,taxable,,1,,,0,0,,,,,0,,,"9,99","Linea Beauty",Capelli,,https://overcomsrl.com/wp-content/uploads/2026/06/FAN86442.webp,,,,,,,,,0,,0424HADJ7UP,https://www.amazon.it/dp/B00CGPKE80,2,,,,,,,,,
1709,simple,MD0210,,"BACTISINE ALCOLICO - DISINFETTANTE STRUMENTI CHIRURGICI - FLACONE DA 1.000 ML",1,0,visible,"BAKTERIO DISINFETTANTE PMC FLAC. LT 1 CRT/6","BACTISINE ALCOLICO - DISINFETTANTE STRUMENTI CHIRURGICI - FLACONE DA 1.000 ML",,,taxable,,1,,,0,0,,,,,0,,,"13,3","Linea Beauty",,,https://overcomsrl.com/wp-content/uploads/2026/06/ITM1540N-S.webp,,,,,,,,,0,,0715F4AH3OG,https://www.amazon.it/dp/B0FHKTF9WH,2,,,,,,,,,
1710,simple,ID930.654,,"Xanitalia Pro Il Multidirezionale Mango Perfect Touch Film Cera - Sacchetto 1000 Gr - Confezione da 6 sacchetti",-1,0,visible,"CERA MULTIDIREZIONALE MANGO BUSTA 1000GR","Xanitalia Pro Il Multidirezionale Mango Perfect Touch Film Cera - Sacchetto 1000 Gr - Confezione da 6 sacchetti",,,taxable,,1,,,0,0,,,,,0,,,"90,0","Linea Beauty",,,https://overcomsrl.com/wp-content/uploads/2026/06/ID930.654.webp,,,,,,,,,0,,0704F5FCN0L,https://www.amazon.it/dp/B0FGPSXS1J,2,,,,,,,,,
1711,simple,FAN86317,,"Fanola Crema colorante Colouring Cream 7.66 Blond Intensiv Rosso, 100 ml",1,0,visible,"CREMA COLORE 7.66 BIONDO ROSSO INTENSO",,,,taxable,,1,,,0,0,,,,,0,,,"9,99","Linea Beauty",Capelli,,https://overcomsrl.com/wp-content/uploads/2026/06/FAN86317.webp,,,,,,,,,0,,0424HAB7OB5,https://www.amazon.it/dp/B00PZ0XRWS,2,,,,,,,,,
1712,simple,ITM1541,,"SANITEC igiene sicura Bakterio - Disinfettante per Ambienti, 5 kg - Pino Balsamico",1,0,visible,"BAKTERIO DISINFETTANTE PMC TANICA KG 5 CRT/2",,,,taxable,,1,,,0,0,,,,,0,,,"18,9","Linea Beauty",,,https://overcomsrl.com/wp-content/uploads/2026/06/ITM1541.webp,,,,,,,,,0,,0401F763C5M,https://www.amazon.it/dp/B01E7G0I04,2,,,,,,,,,
1713,simple,FAN86232,,"Fanola Nourishing - Shampoo ristrutturante per capelli secchi e crespi - 1000 Ml",1,0,visible,"SHAMPOO RISTRUTTURANTE FANOLA 1000 ML (1076053)",,,,taxable,,1,,,0,0,,,,,0,,,"14,3","Linea Beauty",Capelli,,https://overcomsrl.com/wp-content/uploads/2026/06/FAN86232.webp,,,,,,,,,0,,0327FRVOYB5,https://www.amazon.it/dp/B08HM4LQJD,2,,,,,,,,,
1835,simple,AMU419628,,"DISINFETTANTE SGRASSATORE USO PROFESSIONALE ATTIVO SUPERFICI SPRAY - FLACONE 750 ML CON SPRUZZINO - REG. 19194 MINSAN",1,0,visible,,"DISINFETTANTE SGRASSATORE ATTIVO SUPERFICI SPRAY - FLACONE 750 ML CON SPRUZZINO - REG. 19194 MINSAN",,,taxable,,1,144,,0,0,,,,,0,,,,Amuchina,,,,,,,,,,,,0,,0617FK2BOPF,https://www.amazon.it/dp/B0FDGNQWQF,2,,,,,,,,,
1836,simple,CC11013602,,"CARTA FORNO PROFESSIONAL - ROTOLO DA 50 METRI - ALTEZZA 36 CM",1,0,visible,,"CARTA FORNO PROFESSIONAL - ROTOLO DA 50 METRI - ALTEZZA 36 CM",,,taxable,,1,27,,0,0,,,,,0,,,"15,10","Accessori e Strumenti",,,,,,,,,,,,0,,0512FGU4CWC,https://www.amazon.it/dp/B0F8BM9WNX,,,,,,,,,,
1837,simple,CC17030112,,"Film rotolo alluminio larghezza cm 30 lunghezza mt 100 con astuccio",1,0,visible,,,,,taxable,,0,0,,0,0,,,,,0,,,"16,20","Accessori e Strumenti",,,,,,,,,,,,0,,0418FM9GWHM,https://www.amazon.it/dp/B01MT6RO9W,,,,,,,,,,
1838,simple,CC3530130,,"PELLICOLA TRASPARENTE - CUKI",1,0,visible,,,,,taxable,,0,0,,0,0,,,,,0,,,"16,80","Accessori e Strumenti",,,,,,,,,,,,0,,0422FW6X4I9,https://www.amazon.it/dp/B086ZNH9ZN,,,,,,,,,,
1839,simple,CXC59615,,"ROTOLONE DI CARTA BLU FOOD 3 VELI 500 STRAPPI CELTEX 59615 - CONFEZIONE 2 ROTOLONI",1,0,visible,,"ROTOLONE DI CARTA SUPERBLUE FOOD 3 VELI 500 STRAPPI CELTEX 59615 - CONFEZIONE 2 ROTOLONI",,,taxable,,1,50,,0,0,,,,,0,,,"23,70","Accessori e Strumenti",,,,,,,,,,,,0,,0508F5E6FHX,https://www.amazon.it/dp/B0F7XV4WXG,,,,,,,,,,
1840,simple,FAN1076459,,"Fanola FanTouch Curl Passion, Mousse Disciplinante per Capelli Ricci Naturali o Trattati, Azione Fissante per Ricci Morbidi ed Elastici, 300 ml",1,0,visible,,,,,taxable,,0,0,,0,0,,,,,0,,,"14,50",Fanola,,,,,,,,,,,,0,,0109HU0WKYV,https://www.amazon.it/dp/B0CLVMRYVN,2,,,,,,,,,
1841,simple,FAN1096813,,"Crema colore permanente per capelli senza ammoniaca 100ml-ORO Therapy (- 10.21 BIONDO PLATINO VIOLA CENERE)",1,0,visible,,,,,taxable,,1,6,,0,0,,,,,0,,,"11,80",Fanola,,,,,,,,,,,,0,,0423H6LXE30,https://www.amazon.it/dp/B07GFQ61XJ,2,,,,,,,,,
1842,simple,FAN83710,,"Fanola Crema colorante Colouring Cream 9.00 Biondo Chiaro Intensivo, 100 ml",1,0,visible,,,,,taxable,,1,12,,0,0,,,,,0,,,,Fanola,,,,,,,,,,,,0,,0424HAF6B5M,https://www.amazon.it/dp/B01E8MDII6,2,,,,,,,,,
1843,simple,FAN86001,,"Fanola Crema Colore, 1.0 Nero, 100 ml",1,0,visible,,,,,taxable,,1,16,,0,0,,,,,0,,,,Fanola,,,,,,,,,,,,0,,0424HAFEXXX,https://www.amazon.it/dp/B00CGPJ0ZS,2,,,,,,,,,
1844,simple,FAN86002,,"FANOLA COLOR NATURALI 3.0",1,0,visible,,,,,taxable,,0,0,,0,0,,,,,0,,,,Fanola,,,,,,,,,,,,0,,0424HAI4Q7E,https://www.amazon.it/dp/B015RYGG1U,2,,,,,,,,,
1845,simple,FAN86003,,"FANOLA TINTURA 4.0 marrone",1,0,visible,,,,,taxable,,1,5,,0,0,,,,,0,,,,Fanola,,,,,,,,,,,,0,,0424HAI87A3,https://www.amazon.it/dp/B00CGPMAHS,2,,,,,,,,,
1846,simple,FAN86004,,"FANOLA TINTURA 5.0",1,0,visible,,,,,taxable,,1,5,,0,0,,,,,0,,,,Fanola,,,,,,,,,,,,0,,0430H2COGSL,https://www.amazon.it/dp/B00CGPKNX6,2,,,,,,,,,
1847,simple,FAN86009,,"FANOLA - Crema tintura per capelli Fanola, 100 ml, 4.03, marrone medio caldo",1,0,visible,,,,,taxable,,1,6,,0,0,,,,,0,,,,Fanola,,,,,,,,,,,,0,,0424HADIN06,https://www.amazon.it/dp/B00CGPJTTU,2,,,,,,,,,
1848,simple,FAN86010,,"FANOLA COLOR NATURALI CALDI 5.03",1,0,visible,,,,,taxable,,0,0,,0,0,,,,,0,,,,Fanola,,,,,,,,,,,,0,,0514HJSPUSG,https://www.amazon.it/dp/B00CGPIJNC,2,,,,,,,,,
1849,simple,FAN86014,,"FANOLA 9.03 - Crema colorante per capelli, 100 ml, biondo caldo molto chiaro",1,0,visible,,,,,taxable,,1,7,,0,0,,,,,0,,,,Fanola,,,,,,,,,,,,0,,0424HAEZNZJ,https://www.amazon.it/dp/B00CGPKLUQ,2,,,,,,,,,
1850,simple,FAN86018,,"FANOLA COLOR CENERE 1.10",1,0,visible,,,,,taxable,,0,0,,0,0,,,,,0,,,,Fanola,,,,,,,,,,,,0,,0424HAENA00,https://www.amazon.it/dp/B00CGPLQ14,2,,,,,,,,,
1851,simple,FAN86027,,"FANOLA COLOR MARRONI 4.14",1,0,visible,,,,,taxable,,0,0,,0,0,,,,,0,,,,Fanola,,,,,,,,,,,,0,,0424HAIGV1Q,https://www.amazon.it/dp/B00CGPKIMM,2,,,,,,,,,
1852,simple,FAN86034,,"FANOLA - Crema tintura per capelli Fanola 100 ml 5.3, marrone chiaro e oro",1,0,visible,,,,,taxable,,1,6,,0,0,,,,,0,,,,Fanola,,,,,,,,,,,,0,,0424HAIOD8H,https://www.amazon.it/dp/B00CGPKW00,2,,,,,,,,,
1853,simple,FAN86047,,"FANOLA TINTURA 6.43",1,0,visible,,,,,taxable,,1,5,,0,0,,,,,0,,,,Fanola,,,,,,,,,,,,0,,0424HAAI98Z,https://www.amazon.it/dp/B00CGPP0QQ,2,,,,,,,,,
1854,simple,FAN86055,,"Fanola 4.5 Medium Mahogany Brown Hair Coloring Cream, Tinta Castano Mogano, 100 ml",1,0,visible,,,,,taxable,,1,6,,0,0,,,,,0,,,,Fanola,,,,,,,,,,,,0,,0430H2467RP,https://www.amazon.it/dp/B00CGPSR8Y,2,,,,,,,,,
1855,simple,FAN86062,,"FANOLA COLOR SUPERSCHIARENTI 11.0",1,0,visible,,,,,taxable,,0,0,,0,0,,,,,0,,,,Fanola,,,,,,,,,,,,0,,0424HAHVGTN,https://www.amazon.it/dp/B00CGPJMKQ,2,,,,,,,,,
1856,simple,FAN86066,,"FANOLA - Crema per capelli Fanola 100 ml",1,0,visible,,,,,taxable,,1,3,,0,0,,,,,0,,,,Fanola,,,,,,,,,,,,0,,0424HACABOE,https://www.amazon.it/dp/B00PZ0RQMU,2,,,,,,,,,
1857,simple,FAN86069,,"FANOLA Amarillo Fanola Corrector, per l uso quotidiano, 100 ml",1,0,visible,,,,,taxable,,1,48,,0,0,,,,,0,,,,Fanola,,,,,,,,,,,,0,,0424HAIRCUS,https://www.amazon.it/dp/B00PZ0R4L8,2,,,,,,,,,
1858,simple,FAN86072,,"Fanola Accessori colore - 150 gr",1,0,visible,,,,,taxable,,0,0,,0,0,,,,,0,,,,Fanola,,,,,,,,,,,,0,,0424HAAJKIT,https://www.amazon.it/dp/B015RYGEBW,2,,,,,,,,,
1859,simple,FAN86074,,"FANOLA TINTURA 5.1",1,0,visible,,,,,taxable,,1,5,,0,0,,,,,0,,,,Fanola,,,,,,,,,,,,0,,0514HJ6U8YH,https://www.amazon.it/dp/B00CGPJI4Q,2,,,,,,,,,
1860,simple,FAN86075,,"FANOLA COLOR CENERE 10.1",1,0,visible,,,,,taxable,,0,0,,0,0,,,,,0,,,,Fanola,,,,,,,,,,,,0,,0424HAHY4ZS,https://www.amazon.it/dp/B00CGPM8T8,2,,,,,,,,,
1861,simple,FAN86078,,"FANOLA TINTURA 10.14",1,0,visible,,,,,taxable,,1,5,,0,0,,,,,0,,,,Fanola,,,,,,,,,,,,0,,0514HJC40WI,https://www.amazon.it/dp/B00CGPQ7BI,2,,,,,,,,,
1862,simple,FAN86080,,"FANOLA TINTURA 10.3",1,0,visible,,,,,taxable,,1,5,,0,0,,,,,0,,,,Fanola,,,,,,,,,,,,0,,0514HJCIXTO,https://www.amazon.it/dp/B00CGPQXMG,2,,,,,,,,,
1863,simple,FAN86083,,"FANOLA COLOR ROSSI 4.6",1,0,visible,,,,,taxable,,0,0,,0,0,,,,,0,,,,Fanola,,,,,,,,,,,,0,,0424HAL2X59,https://www.amazon.it/dp/B00CGPLBC8,2,,,,,,,,,
1864,simple,FAN86161,,"Fanola - Crema ossidante, 10 volumi, 1 L",1,0,visible,,,,,taxable,,1,16,,0,0,,,,,0,,,"9,50",Fanola,,,,,,,,,,,,0,,0205HCLX150,https://www.amazon.it/dp/B00PZ0ZHEO,2,,,,,,,,,
1865,simple,FAN86162,,"Fanola Acqua Ossigenata 1L, 20 Vol. 6%",1,0,visible,,,,,taxable,,1,20,,0,0,,,,,0,,,,Fanola,,,,,,,,,,,,0,,0328FWAAVXI,https://www.amazon.it/dp/B00PZ0ZC7G,2,,,,,,,,,
1866,simple,FAN86163,,"Matrix Trattamenti per la ricrescita dei capelli - 1000 ml",1,0,visible,,,,,taxable,,0,0,,0,0,,,,,0,,,,Fanola,,,,,,,,,,,,0,,0206HF1VPAE,https://www.amazon.it/dp/B00PZ0Z956,2,,,,,,,,,
1867,simple,FAN86164,,"Fanola Acqua ossigenata profumata, 1000 ml",1,0,visible,,,,,taxable,,1,20,,0,0,,,,,0,,,"9,50",Fanola,,,,,,,,,,,,0,,0205HCJE95E,https://www.amazon.it/dp/B00PZ0Z2K8,2,,,,,,,,,
1868,simple,FAN86173,,"Fanola Oro Therapy 24K Tinta per capelli, 100 ml, colorante permanente per capelli senza ammoniaca, arricchito con cheratina, olio di argan, oro puro micro-attivo, per la massima copertura, perfetta e uniforme, per colori brillanti, intensi, di lunga durata 100mL",1,0,visible,,,,,taxable,,0,0,,0,0,,,,,0,,,"11,80",Fanola,,,,,,,,,,,,0,,0514HKKIV1N,https://www.amazon.it/dp/B01EJZYYEY,2,,,,,,,,,
1869,simple,FAN86175,,"FANOLA TINTURA ORO THERAPY COLOR KERATIN SENZA AMMONIACA 7.34",1,0,visible,,,,,taxable,,0,0,,0,0,,,,,0,,,"11,80",Fanola,,,,,,,,,,,,0,,0430H2LYWP6,https://www.amazon.it/dp/B01EK00FAA,2,,,,,,,,,
1870,simple,FAN86276,,"FANOLA Smacchiatore 150ml Stain Remover",1,0,visible,,,,,taxable,,1,23,,0,0,,,,,0,,,"12,50",Fanola,,,,,,,,,,,,0,,0514HJLVR0P,https://www.amazon.it/dp/B07JPM4YSV,2,,,,,,,,,
1871,simple,FAN86296,,"Fanola WONDER Smooth Extra Care Siero 100 ml",1,0,visible,,,,,taxable,,0,0,,0,0,,,,,0,,,"16,30",Fanola,,,,,,,,,,,,0,,0514HJLYYRD,https://www.amazon.it/dp/B0DZWWGR1N,2,,,,,,,,,
1872,simple,FAN86305,,"Fanola - Crema colorante per capelli, 8.11 biondo chiaro cenere intenso, 100 ml",1,0,visible,,,,,taxable,,1,6,,0,0,,,,,0,,,,Fanola,,,,,,,,,,,,0,,0424HAFY4VC,https://www.amazon.it/dp/B00PZ0PJAQ,2,,,,,,,,,
1873,simple,FAN86309,,"Fanola - Tinta per capelli 100 ml Colore 5.22",1,0,visible,,,,,taxable,,0,0,,0,0,,,,,0,,,,Fanola,,,,,,,,,,,,0,,0514HJLUQRD,https://www.amazon.it/dp/B07GFNKWQF,2,,,,,,,,,
1874,simple,FAN86326,,"FANOLA COLOR SUPERSCHIARENTI 12.7",1,0,visible,,,,,taxable,,0,0,,0,0,,,,,0,,,,Fanola,,,,,,,,,,,,0,,0514HJZWWMM,https://www.amazon.it/dp/B00PZ0YTDO,2,,,,,,,,,
1875,simple,FAN86331,,"FANOLA Maschera Spray Ristrutturante Nutri One 10 Azioni 200ml",1,0,visible,,,,,taxable,,1,13,,0,0,,,,,0,,,"1,40",Fanola,,,,,,,,,,,,0,,0327FSO0WRK,https://www.amazon.it/dp/B08L4GTGND,2,,,,,,,,,
1876,simple,FAN86353,,"FANOLA TINTURA ORO THERAPY COLOR KERATIN SENZA AMMONIACA 6.31",1,0,visible,,,,,taxable,,0,0,,0,0,,,,,0,,,"11,80",Fanola,,,,,,,,,,,,0,,0423H6HBCVF,https://www.amazon.it/dp/B01EJYP0YS,2,,,,,,,,,
1877,simple,FAN86413,,"Shampoo Fanola KERATERM Cheratina 1000mL 1L - Disciplina anti-contenzione",1,0,visible,,,,,taxable,,0,0,,0,0,,,,,0,,,"16,20",Fanola,,,,,,,,,,,,0,,0327FSIWD5H,https://www.amazon.it/dp/B01DWHQS12,2,,,,,,,,,
1878,simple,FAN86425,,"FANOLA TINTURA ORO THERAPY COLOR KERATIN SENZA AMMONIACA 3.0",1,0,visible,,,,,taxable,,0,0,,0,0,,,,,0,,,"11,80",Fanola,,,,,,,,,,,,0,,0331F3P96GK,https://www.amazon.it/dp/B00GIMCYM6,2,,,,,,,,,
1879,simple,FAN86426,,"FANOLA TINTURA ORO THERAPY COLOR KERATIN SENZA AMMONIACA 4.0",1,0,visible,,,,,taxable,,0,0,,0,0,,,,,0,,,"11,80",Fanola,,,,,,,,,,,,0,,0423H6HRBJA,https://www.amazon.it/dp/B00GIMD66O,2,,,,,,,,,
1880,simple,FAN86430,,"FANOLA TINTURA ORO THERAPY COLOR KERATIN SENZA AMMONIACA 8.0",1,0,visible,,,,,taxable,,0,0,,0,0,,,,,0,,,"11,80",Fanola,,,,,,,,,,,,0,,0331F3LJVEY,https://www.amazon.it/dp/B00GIMD9P2,2,,,,,,,,,
1881,simple,FAN86431,,"FANOLA TINTURA ORO THERAPY COLOR KERATIN SENZA AMMONIACA 9.0",1,0,visible,,,,,taxable,,0,0,,0,0,,,,,0,,,"11,80",Fanola,,,,,,,,,,,,0,,0514HKG0FZW,https://www.amazon.it/dp/B00GIMCXO0,2,,,,,,,,,
1882,simple,FAN86434,,"FANOLA TINTURA ORO THERAPY COLOR KERATIN SENZA AMMONIACA 5.2",1,0,visible,,,,,taxable,,0,0,,0,0,,,,,0,,,"11,80",Fanola,,,,,,,,,,,,0,,0423H6GKRAB,https://www.amazon.it/dp/B00GIMD1X2,2,,,,,,,,,
1883,simple,FAN86436,,"FANOLA TINTURA ORO THERAPY COLOR KERATIN SENZA AMMONIACA 5.1",1,0,visible,,,,,taxable,,0,0,,0,0,,,,,0,,,"11,80",Fanola,,,,,,,,,,,,0,,0423H6GOITK,https://www.amazon.it/dp/B00GIMD3L2,2,,,,,,,,,
1884,simple,FAN86438,,"FANOLA TINTURA ORO THERAPY COLOR KERATIN SENZA AMMONIACA 7.1",1,0,visible,,,,,taxable,,0,0,,0,0,,,,,0,,,"11,80",Fanola,,,,,,,,,,,,0,,0423H6EM3Z4,https://www.amazon.it/dp/B00GIMD4MK,2,,,,,,,,,
1885,simple,FAN86439,,"FANOLA TINTURA ORO THERAPY COLOR KERATIN SENZA AMMONIACA 8.1",1,0,visible,,,,,taxable,,0,0,,0,0,,,,,0,,,"11,80",Fanola,,,,,,,,,,,,0,,0423H6OT3DY,https://www.amazon.it/dp/B00GIMD5DS,2,,,,,,,,,
1886,simple,FAN86440,,"FANOLA TINTURA ORO THERAPY COLOR KERATIN SENZA AMMONIACA 9.1",1,0,visible,,,,,taxable,,1,6,,0,0,,,,,0,,,"11,80",Fanola,,,,,,,,,,,,0,,0423H6L7HHH,https://www.amazon.it/dp/B00GIMDAIS,2,,,,,,,,,
1887,simple,FAN86444,,"FANOLA COLOR COLOR KERATIN ORO PURO CIOCCOLATO 6.14",1,0,visible,,,,,taxable,,0,0,,0,0,,,,,0,,,"11,80",Fanola,,,,,,,,,,,,0,,0423H6KU5CA,https://www.amazon.it/dp/B01EJY3ZM2,2,,,,,,,,,
1888,simple,FAN86446,,"FANOLA TINTURA ORO THERAPY COLOR KERATIN SENZA AMMONIACA 6.3",1,0,visible,,,,,taxable,,0,0,,0,0,,,,,0,,,"11,80",Fanola,,,,,,,,,,,,0,,0430H2QJ60I,https://www.amazon.it/dp/B01EJYA38Q,2,,,,,,,,,
1889,simple,FAN86448,,"FANOLA TINTURA ORO THERAPY COLOR KERATIN SENZA AMMONIACA 8.3",1,0,visible,,,,,taxable,,0,0,,0,0,,,,,0,,,"11,80",Fanola,,,,,,,,,,,,0,,0514HKK46FJ,https://www.amazon.it/dp/B01EJYET9K,2,,,,,,,,,
1890,simple,FAN86449,,"FANOLA TINTURA ORO THERAPY COLOR KERATIN SENZA AMMONIACA 9.3",1,0,visible,,,,,taxable,,0,0,,0,0,,,,,0,,,"11,80",Fanola,,,,,,,,,,,,0,,0423H6L5E7D,https://www.amazon.it/dp/B01EJYFKVG,2,,,,,,,,,
1891,simple,FAN86452,,"FANOLA TINTURA ORO THERAPY COLOR KERATIN SENZA AMMONIACA 7.4",1,0,visible,,,,,taxable,,0,0,,0,0,,,,,0,,,"11,80",Fanola,,,,,,,,,,,,0,,0423H6EN99N,https://www.amazon.it/dp/B01EJYZ7I2,2,,,,,,,,,
1892,simple,FAN86453,,"FANOLA Tintura Oro Therapy Color Keratin Senza Ammoniaca 4.5",1,0,visible,,,,,taxable,,0,0,,0,0,,,,,0,,,"11,80",Fanola,,,,,,,,,,,,0,,0423H6GAXS2,https://www.amazon.it/dp/B01EJZ3440,2,,,,,,,,,
1893,simple,FAN86454,,"FANOLA TINTURA ORO THERAPY COLOR KERATIN SENZA AMMONIACA 5.5",1,0,visible,,,,,taxable,,0,0,,0,0,,,,,0,,,"11,80",Fanola,,,,,,,,,,,,0,,0423H6HCW8I,https://www.amazon.it/dp/B01EJZ4CSC,2,,,,,,,,,
1894,simple,FAN86456,,"FANOLA TINTURA ORO THERAPY COLOR KERATIN SENZA AMMONIACA 6.6",1,0,visible,,,,,taxable,,0,0,,0,0,,,,,0,,,"117,90",Fanola,,,,,,,,,,,,0,,0423H6HSI3K,https://www.amazon.it/dp/B01EJZ8ZYE,2,,,,,,,,,
1895,simple,FAN86458,,"FANOLA TINTURA ORO THERAPY COLOR KERATIN SENZA AMMONIACA 10.1",1,0,visible,,,,,taxable,,1,6,,0,0,,,,,0,,,"11,80",Fanola,,,,,,,,,,,,0,,0423H6HGGYF,https://www.amazon.it/dp/B00GIMDB46,2,,,,,,,,,
1896,simple,FAN86462,,"FANOLA TINTURA ORO THERAPY COLOR KERATIN SENZA AMMONIACA 11.1",1,0,visible,,,,,taxable,,0,0,,0,0,,,,,0,,,"11,80",Fanola,,,,,,,,,,,,0,,0514HKKVELM,https://www.amazon.it/dp/B01EJZRGK8,2,,,,,,,,,
1897,simple,FAN86467,,"FANOLA, Oro Puro Therapy Gold Activator - Attivatore, 1l, 3%",1,0,visible,,,,,taxable,,0,0,,0,0,,,,,0,,,,Fanola,,,,,,,,,,,,0,,0205HCMI289,https://www.amazon.it/dp/B01EZ5RCTW,2,,,,,,,,,
1898,simple,FAN86501,,"FANOLA TINTURA ORO THERAPY COLOR KERATIN SENZA AMMONIACA 6.13",1,0,visible,,,,,taxable,,0,0,,0,0,,,,,0,,,"11,80",Fanola,,,,,,,,,,,,0,,0514HJ6SLAT,https://www.amazon.it/dp/B00GIMDFVA,2,,,,,,,,,
1899,simple,FAN86502,,"FANOLA TINTURA ORO THERAPY COLOR KERATIN SENZA AMMONIACA 7.13",1,0,visible,,,,,taxable,,0,0,,0,0,,,,,0,,,"11,80",Fanola,,,,,,,,,,,,0,,0430HW8XZ9K,https://www.amazon.it/dp/B00GIMDGPA,2,,,,,,,,,
1900,simple,FAN86503,,"FANOLA TINTURA ORO THERAPY COLOR KERATIN SENZA AMMONIACA 8.13",1,0,visible,,,,,taxable,,0,0,,0,0,,,,,0,,,"11,80",Fanola,,,,,,,,,,,,0,,0423H6C38EL,https://www.amazon.it/dp/B01EJXVI8G,2,,,,,,,,,
1901,simple,FAN86582,,"FANOLA Keraterm Disciplinante Keraterm Spray Per Capelli - 200 Ml",1,0,visible,,,,,taxable,,1,12,,0,0,,,,,0,,,"14,20",Fanola,,,,,,,,,,,,0,,1223FETAYTP,https://www.amazon.it/dp/B01DWHYOOK,2,,,,,,,,,
1902,simple,FAN86605,,"FANOLA COLOR COLOR KERATIN ORO PURO CIOCCOLATO 7.14",1,0,visible,,,,,taxable,,0,0,,0,0,,,,,0,,,"11,80",Fanola,,,,,,,,,,,,0,,0423H6C02GN,https://www.amazon.it/dp/B01EJY4Q52,2,,,,,,,,,
1903,simple,FAN86608,,"FANOLA TINTURA ORO THERAPY COLOR KERATIN SENZA AMMONIACA CORRETTORE ROSSO",1,0,visible,,,,,taxable,,0,0,,0,0,,,,,0,,,"11,80",Fanola,,,,,,,,,,,,0,,0514HJKGS87,https://www.amazon.it/dp/B01EK05J2E,2,,,,,,,,,
1904,simple,FAN86642,,"Fanola Botolife Keratin Hyaluronic Acid Botugen Reconstructive Shampoo pH 5.5, 300 Ml",1,0,visible,,,,,taxable,,0,0,,0,0,,,,,0,,,"12,50",Fanola,,,,,,,,,,,,0,,0327FSJKIFQ,https://www.amazon.it/dp/B00M0SLG2G,2,,,,,,,,,
1905,simple,FAN86643,,"FANOLA Reconstructive Shampoo 1000ml Botolife Keratin Hyaluronic Acid Botugen ® Fanola pH 6,5 Ricostruttore con Cheratina e Acido Ialuronico",1,0,visible,,,,,taxable,,0,0,,0,0,,,,,0,,,"2,00",Fanola,,,,,,,,,,,,0,,0327FSGDOR6,https://www.amazon.it/dp/B00O3V0B2Y,2,,,,,,,,,
1906,simple,FAN86646,,"FANOLA Botugen Ricostruzione Botolife Filler Per Capelli - 150 Ml",1,0,visible,,,,,taxable,,1,12,,0,0,,,,,0,,,"2,00",Fanola,,,,,,,,,,,,0,,0327FSK4YQ6,https://www.amazon.it/dp/B00NLC92FI,2,,,,,,,,,
1907,simple,FAN86655,,"FANOLA P1S PERMANENTE CAPELLI NATURALI GROSSI 500 ml",1,0,visible,,,,,taxable,,1,5,,0,0,,,,,0,,,"13,10",Fanola,,,,,,,,,,,,0,,0514HJ2BVYX,https://www.amazon.it/dp/B01E5D92YM,2,,,,,,,,,
1908,simple,FAN86656,,"FANOLA P2 PERMANENTE CAPELLI COLORATI E TRATTATI 500 ml",1,0,visible,,,,,taxable,,1,5,,0,0,,,,,0,,,"13,10",Fanola,,,,,,,,,,,,0,,0514HJZWWN8,https://www.amazon.it/dp/B01E5DVHUE,2,,,,,,,,,
1909,simple,FAN86682,,"Fanola Orotherapy, Shampoo Illuminante Per Tutti I Tipi Di Capelli, 1000 ml",1,0,visible,,,,,taxable,,1,13,,0,0,,,,,0,,,"14,50",Fanola,,,,,,,,,,,,0,,0514HJ27XOO,https://www.amazon.it/dp/B0C6QXBP8H,2,,,,,,,,,
1910,simple,FAN86683,,"Fanola Orotherapy Gold Mask, Maschera Illuminante per Tutti i Tipi di Capelli, 1000 ml",1,0,visible,,,,,taxable,,1,12,,0,0,,,,,0,,,"15,20",Fanola,,,,,,,,,,,,0,,0514HJSWTDV,https://www.amazon.it/dp/B0C1KK45M5,2,,,,,,,,,
1911,simple,FAN86706,,"FANOLA TINTURA 5.00",1,0,visible,,,,,taxable,,1,5,,0,0,,,,,0,,,,Fanola,,,,,,,,,,,,0,,0514HJLOOQB,https://www.amazon.it/dp/B01E8LTYBC,2,,,,,,,,,
1912,simple,FAN86707,,"FANOLA Fanola, Colorazione permanente",1,0,visible,,"Fanola Crema Colore per capelli 6/0 – 100 ML - Confezione da 2 Tubi",,,taxable,,0,0,,0,0,,,,,0,,,,Fanola,,,,,,,,,,,,0,,0320HBVQJ9C,https://www.amazon.it/dp/B0B9G8BS2N,2,,,,,,,,,
1913,simple,FAN86803,,"Fanola Oro Therapy Color cheratina 5.00 100 ml",1,0,visible,,,,,taxable,,0,0,,0,0,,,,,0,,,"11,80",Fanola,,,,,,,,,,,,0,,0430H2LGP1R,https://www.amazon.it/dp/B07DX74PH4,2,,,,,,,,,
1914,simple,FAN86805,,"FANOLA TINTURA ORO THERAPY COLOR KERATIN SENZA AMMONIACA 7.00",1,0,visible,,,,,taxable,,0,0,,0,0,,,,,0,,,"11,80",Fanola,,,,,,,,,,,,0,,0423H6O0BNZ,https://www.amazon.it/dp/B01EHPZWAQ,2,,,,,,,,,
1915,simple,FAN86806,,"FANOLA COLOR COLOR KERATIN ORO PURO NATURALI INTENSI 8.00",1,0,visible,,,,,taxable,,1,9,,0,0,,,,,0,,,"11,80",Fanola,,,,,,,,,,,,0,,0423H6GDRZJ,https://www.amazon.it/dp/B01EHQ0OCG,2,,,,,,,,,
1916,simple,FAN86812,,"FANOLA TINTURA ORO THERAPY COLOR KERATIN SENZA AMMONIACA 6.5",1,0,visible,,,,,taxable,,0,0,,0,0,,,,,0,,,"11,80",Fanola,,,,,,,,,,,,0,,0423H6C1JTT,https://www.amazon.it/dp/B01EJZ5Q32,2,,,,,,,,,
1917,simple,FAN96361,,"Fanola Tinte 9.2F Rubio clarísimo violeta fantasía 100 mL - Tinte crema colorante permanente para el cabello pelo - Color uniforme y brillante - PROFESIONAL",1,0,visible,,,,,taxable,,0,0,,0,0,,,,,0,,,,Fanola,,,,,,,,,,,,0,,0424HABHJVZ,https://www.amazon.it/dp/B01MZ2D4WH,2,,,,,,,,,
1918,simple,FAN96362,,"FANOLA Hair Color 100 ML variazione di Fanola Hair Color 2 10.2 F Blonde Platinum Fantasy Violet",1,0,visible,,,,,taxable,,0,0,,0,0,,,,,0,,,,Fanola,,,,,,,,,,,,0,,0424HAHZVJ6,https://www.amazon.it/dp/B01MZ2D8FR,2,,,,,,,,,
1919,simple,FAN96628,,"ghd Platinum Styler, bianco, 1 unità",1,0,visible,,,,,taxable,,1,6,,0,0,,,,,0,,,"12,60",Fanola,,,,,,,,,,,,0,,0514HKJBFRD,https://www.amazon.it/dp/B07BTC7JGX,2,,,,,,,,,
1920,simple,ICOM1301,,"RIVIT MANI EMULSIONE IGIENIZZANTE MANI 100 ML",1,0,visible,,"SAPOLE LATTE MANI NATURERB IGIENIZZANTE 500 ML CON DOSATORE - CARTONE DA 6 PEZZI",,,taxable,,1,19,,0,0,,,,,0,,,,"Accessori e Strumenti",,,,,,,,,,,,0,,0513FK56DNZ,https://www.amazon.it/dp/B0F8J5DNWZ,,,,,,,,,,
1921,simple,"ID120,021",,"Idema Latta Cera Zinco 400 ml.",1,0,visible,,"Idema Latta Cera Zinco 400 ml. - Confezione da 2 latte",,,taxable,,0,0,,0,0,,,,,0,,,"11,10","Accessori e Strumenti",,,,,,,,,,,,0,,0324FIFDM90,https://www.amazon.it/dp/B086R5C9RH,,,,,,,,,,
1922,simple,"ID1500,001",,"RULLO RICARICA PREMIUM TITANIO 80 ML - CF 6 PZ",1,0,visible,,"RULLO RICARICA PREMIUM TITANIO 80 ML - CF 6 PZ",,,taxable,,1,427,,0,0,,,,,0,,,"14,70","Accessori e Strumenti",,,,,,,,,,,,0,,0221FXRH18V,https://www.amazon.it/dp/B0DY1MHYKY,,,,,,,,,,
1923,simple,"ID1500,100",,"CERA DEPILATORIA AL TITANIO ROSA 350 ml IN MICROONDE IN 3"" MINUTI SCALDACERA IN 20"" MINUTI PROFESSIONALE",1,0,visible,,"CERA DEPILATORIA AL TITANIO ROSA 350 ml IN MICROONDE IN 3"" MINUTI SCALDACERA IN 20"" MINUTI PROFESSIONALE - CONFEZIONE 2 BARATTOLI",,,taxable,,1,384,,0,0,,,,,0,,,,"Accessori e Strumenti",,,,,,,,,,,,0,,0131FDM40YV,https://www.amazon.it/dp/B01C0QG0NC,,,,,,,,,,
1924,simple,"ID180,001",,"Idema - Basic Line Cera Depilatoria liposolubile professionale ideale per ogni parte del corpo, Giallo Miele, formato da 400 ML",1,0,visible,,"Basic Line Idema Cera depilatoria liposolubile professionale 400 ml.",,,taxable,,0,0,,0,0,,,,,0,,,"99,50","Accessori e Strumenti",,,,,,,,,,,,0,,0217FKYP69Y,https://www.amazon.it/dp/B086HPB16D,,,,,,,,,,
1925,simple,"ID4441,15",,"Lama Sgorbia Sterile N° 15 Acciaio Kiepe Professional Manicure Pedicure - Confezione 20 lame (15 mm)",1,0,visible,,"Lama Sgorbia Sterile N° 15 Acciaio Kiepe Professional Manicure Pedicure - Confezione 20 lame (15 mm)",,,taxable,,0,0,,0,0,,,,,0,,,"1,70","Accessori e Strumenti",,,,,,,,,,,,0,,0119HOWNLFP,https://www.amazon.it/dp/B0GHNZBC8M,,,,,,,,,,
1926,simple,"ID920,209",,"Pellet di miele di cera pelabile Xanitalia 1000 Grs",1,0,visible,,"Ceretta Brasiliana, Cera Brasiliana Liposolubile Gocce Xanitalia, Depilazione senza Strisce, sacchetto1 Kg (Black) - Confezione da 3 sacchetti",,,taxable,,1,20,,0,0,,,,,0,,,"15,40","Accessori e Strumenti",,,,,,,,,,,,0,,0311FENSVB1,https://www.amazon.it/dp/B076DDR2ZS,,,,,,,,,,
1927,simple,"ID930,654",,"Cera Depilatoria Liposolubile Monouso Senza Strisce - Mango - Multidirezionale - Senza Colofonia - 1000 gr",1,0,visible,,"Xanitalia Pro Il Multidirezionale Mango Perfect Touch Film Cera - Sacchetto 1000 Gr - Confezione da 3 sacchetti",,,taxable,,0,0,,0,0,,,,,0,,,"21,30","Accessori e Strumenti",,,,,,,,,,,,0,,0704F53Q9N6,https://www.amazon.it/dp/B08MTN41B2,,,,,,,,,,
1928,simple,ID930.655,,"Xanitalia Pro Il Multidirezionale Frutto Della Passione Perfect Touch Film Cera - 1000 Gr, Bianco",1,0,visible,,"Xanitalia Pro Il Multidirezionale Frutto Della Passione Perfect Touch Film Cera - Sacchetto 1000 Gr - Confezione da 6 sacchetti",,,taxable,,1,20,,0,0,,,,,0,,,"21,30","Accessori e Strumenti",,,,,,,,,,,,0,,0128F7JWYGX,https://www.amazon.it/dp/B08C17YZ9C,2,,,,,,,,,
1929,simple,ID950.313,,"REGEA Siero Idratazione Profonda 100ml",1,0,visible,,,,,taxable,,1,6,,0,0,,,,,0,,,"15,70","Accessori e Strumenti",,,,,,,,,,,,0,,0521HCSUNVX,https://www.amazon.it/dp/B07DY9BY2W,,,,,,,,,,
1930,simple,ID950.340,,"Maschera viso lenitiva - olio di germe di grano e vitamina E - anti-rossore maschera facciale - programma Sensitive Skin",1,0,visible,,,,,taxable,,1,2,,0,0,,,,,0,,,"18,40","Accessori e Strumenti",,,,,,,,,,,,0,,0521HCS88S6,https://www.amazon.it/dp/B08KHJFH7P,,,,,,,,,,
1931,simple,IEVSP/L,,"Generico GUANTO IN VINILE ESSENTIAL 511 – TAGLIA S/M/L",1,0,visible,,"GUANTO IN VINILE ESSENTIAL 511",,,taxable,,0,0,,0,0,,,,,0,,,,"Accessori e Strumenti",,,,,,,,,,,,0,,0529H9OMYJT,https://www.amazon.it/dp/B0H39F9JMW,,,,,,,,,,
1932,simple,ITM1821-S,,"Sanitec detergente disinfettante Multi Activ Bagno (6 pezzi) pronto all' uso per superfici ad uso ambientale, 750 ml, Sanitec. alcolico",1,0,visible,,"Sanitec, Multi Activ, Sgrassante Disinfettante Multiuso, Ideale per la Disinfezione di Tutte le Superfici a Contatto con Gli Alimenti, Elimina il 99,9% dei Batteri, Presidio Medico Chirurgico, 750 ml",,,taxable,,0,0,,0,0,,,,,0,,,"27,50","Accessori e Strumenti",,,,,,,,,,,,0,,0415FBNX0XB,https://www.amazon.it/dp/B07HQLVZNR,,,,,,,,,,
1933,simple,J7517908,,"Diversey 7517908 Cif Bagno 2in1",1,0,visible,,,,,taxable,,0,0,,0,0,,,,,0,,,"0,90","Accessori e Strumenti",,,,,,,,,,,,0,,0626FF9LSJ4,https://www.amazon.it/dp/B00BEUQTBO,,,,,,,,,,
1934,simple,"KP4441,1",,"Lama Sgorbia Sterile N° 1 Acciaio Kiepe Professional Manicure Pedicure - Confezione 20 lame (1 mm)",1,0,visible,,"Lama Sgorbia Sterile N° 1 Acciaio Kiepe Professional Manicure Pedicure - Confezione 20 lame (1 mm)",,,taxable,,0,0,,0,0,,,,,0,,,"1,70","Accessori e Strumenti",,,,,,,,,,,,0,,0116HGG8HXQ,https://www.amazon.it/dp/B0GH84WRMC,,,,,,,,,,
1935,simple,"KP4441,2",,"Lama Sgorbia Sterile N° 2 Acciaio Kiepe Professional Manicure Pedicure - Confezione 20 lame (2 mm)",1,0,visible,,"Lama Sgorbia Sterile N° 2 Acciaio Kiepe Professional Manicure Pedicure - Confezione 20 lame (2 mm)",,,taxable,,0,0,,0,0,,,,,0,,,"1,70","Accessori e Strumenti",,,,,,,,,,,,0,,0119HOIP6SM,https://www.amazon.it/dp/B0GHPHW5PX,,,,,,,,,,
1936,simple,"KP4441,6",,"Lama Sgorbia Sterile N° 6 Acciaio Kiepe Professional Manicure Pedicure - Confezione 20 lame (6 mm)",1,0,visible,,"Lama Sgorbia Sterile N° 1 Acciaio Kiepe Professional Manicure Pedicure - Confezione 20 lame",,,taxable,,0,0,,0,0,,,,,0,,,"1,70","Accessori e Strumenti",,,,,,,,,,,,0,,0119HOOXM96,https://www.amazon.it/dp/B0GHNC4TZN,,,,,,,,,,
1937,simple,MD0000,,"Peroxill 2000 Disinfettante Sterilizzante in Polvere - 1kg",1,0,visible,,"Peroxill 2000 Disinfettante Sterilizzante in Polvere - 1kg",,,taxable,,1,5,,0,0,,,,,0,,,"37,50","Accessori e Strumenti",,,,,,,,,,,,0,,0206HF8W3IP,https://www.amazon.it/dp/B07XDZGNWW,,,,,,,,,,
1938,simple,MD0145,,"LENYDERM TUBO DA 150 ML - PASTA SPECIALE ALL'OSSIDO DI ZINCO",1,0,visible,,"LENYDERM TUBO DA 150 ML - PASTA SPECIALE ALL'OSSIDO DI ZINCO",,,taxable,,1,88,,0,0,,,,,0,,,"13,90","Accessori e Strumenti",,,,,,,,,,,,0,,0616FGN0Z7Z,https://www.amazon.it/dp/B0FDB8K963,,,,,,,,,,
1939,simple,MD01AM0010,,"Disinfettante liquido concentrato per superfici DECS PURO - Flacone 1.000 ml",1,0,visible,,"Disinfettante liquido concentrato per superfici DECS PURO - Flacone 1.000 ml",,,taxable,,0,0,,0,0,,,,,0,,,"1,20","Accessori e Strumenti",,,,,,,,,,,,0,,0407H8IF4O4,https://www.amazon.it/dp/B0GWF2PTWG,,,,,,,,,,
1940,simple,MD0213,,"BACTISAN SPRAY - SOLUZIONE IDROALCOLICA PRONTA ALL'USO - FLACONE DA 1.000",1,0,visible,,"BACTISAN SPRAY - SOLUZIONE IDROALCOLICA PRONTA ALL'USO - FLACONE DA 1.000",,,taxable,,1,36,,0,0,,,,,0,,,"14,60","Accessori e Strumenti",,,,,,,,,,,,0,,0715F48DG7M,https://www.amazon.it/dp/B0FHKRC7D1,,,,,,,,,,
1941,simple,MD0496,,"HYGIENBAR CPR WASHING TAB - Detergente Tazzine e Bicchieri per Macchine Automatiche - Confezione da 160 Compresse",1,0,visible,,"HYGIENBAR CPR WASHING TAB - Detergente tazzine e bicchiere per macchine automatoche - Confezione da 160 compresse",,,taxable,,0,0,,0,0,,,,,0,,,,"Accessori e Strumenti",,,,,,,,,,,,0,,0407H8VKPZ9,https://www.amazon.it/dp/B0GWF8YNG9,,,,,,,,,,
1942,simple,MD06BE0181,,"DERMACLYN - DERMODETERGENTE LIQUIDO PH 5,5 - FLACONE 1.000 ML",1,0,visible,,"DERMACLYN - DERMODETERGENTE LIQUIDO PH 5,5 - FLACONE 1.000 ML",,,taxable,,1,41,,0,0,,,,,0,,,"14,90","Accessori e Strumenti",,,,,,,,,,,,0,,0617FK09QA9,https://www.amazon.it/dp/B0FDGP2KYY,,,,,,,,,,
1943,simple,MD07AX0401,,"PULITORE RAPIDO PER FRIGGITRICI FRY COMPRESSE - CONF. DA 25 COMPRESSE",1,0,visible,,"PULITORE RAPIDO PER FRIGGITRICI -CONFEZIONE DA 25 COMPRESSE",,,taxable,,0,0,,0,0,,,,,0,,,"19,60","Accessori e Strumenti",,,,,,,,,,,,0,,0109HU6W3G3,https://www.amazon.it/dp/B0GFX9NVJY,,,,,,,,,,
1944,simple,MD07GA0020,,"AMEDICS Pastiglie di Cloro CLORHYGIEN Plus Igienizzante clorattivo 333 compresse",1,0,visible,,"Le pastiglie di cloro CLORHYGIEN Plus rappresentano una soluzione igienizzante efficace a base di cloro attivo, ideale per garantire la pulizia e la disinfezione di superfici e ambienti. La confezione contiene 333 compresse, offrendo un'ampia disponibilità per un utilizzo prolungato. Questo prodotto igienizzante è formulato per rilasciare cloro attivo in modo controllato, assicurando un'azione disinfettante costante. Le compresse sono pratiche da dosare e utilizzare, permettendo di preparare soluzioni igienizzanti secondo le necessità specifiche. Il formato in pastiglie facilita la conservazione e il trasporto del prodotto, mantenendo inalterate le proprietà igienizzanti nel tempo. Adatto per l'utilizzo in diversi contesti dove è richiesta un'igienizzazione accurata e professionale.",,,taxable,,1,8,,0,0,,,,,0,,,"30,40","Accessori e Strumenti",,,,,,,,,,,,0,,0407H8M457O,https://www.amazon.it/dp/B07DFGSMLZ,,,,,,,,,,
1945,simple,MDLHSTERUPSG075,,"STER UP Sgrassatore - Detergente disinfettante a base d sali di ammonio quaternario - Flacone 750 ml",1,0,visible,,"STER UP Sgrassatore - Detergente disinfettante a base d sali di ammonio quaternario - Flacone 750 ml",,,taxable,,0,0,,0,0,,,,,0,,,"12,80","Accessori e Strumenti",,,,,,,,,,,,0,,0407H8WTML3,https://www.amazon.it/dp/B0GWFJK4L7,,,,,,,,,,
1946,simple,ROCER421,,"CERA CARTUCCIA TITANIO ROSA 100 ML -  RO",1,0,visible,,"CERA DEPILATORIA AL TITANIO ROSA 350 ml IN MICROONDE IN 3"" MINUTI SCALDACERA IN 20"" MINUTI PROFESSIONALE - CONFEZIONE 2 BARATTOLI",,,taxable,,1,384,,0,0,,,,,0,,,,"Accessori e Strumenti",,,,,,,,,,,,0,,0320F5Y969H,https://www.amazon.it/dp/B0F227TRNV,,,,,,,,,,
1947,simple,RODEP539,,"OLIO POST-EPILAZIONE 1000 ML",1,0,visible,,"STRISCETTE EPILAZIONE TNT CM 7 X 20 - CF 800 PZ",,,taxable,,1,6,,0,0,,,,,0,,,,"Accessori e Strumenti",,,,,,,,,,,,0,,0221FXRVDYF,https://www.amazon.it/dp/B0DY1PN3K8,,,,,,,,,,
1948,simple,SIGBBC003BIO50BOL,,"Generico PIATTO FONDO 680 ML IN FIBRA DI CANNA DA ZUCCHERO - COMPOSTABILE E BIODEGRADABILE - CF. 50 PIATTI",1,0,visible,,"PIATTO FONDO 680 ML IN FIBRA DI CANNA DA ZUCCHERO - COMPOSTABILE E BIODEGRADABILE - CF. 50 PIATTI",,,taxable,,0,0,,0,0,,,,,0,,,"12,80","Accessori e Strumenti",,,,,,,,,,,,0,,0507F25GHNC,https://www.amazon.it/dp/B0F7RLGT9X,,,,,,,,,,
1949,simple,SIGBPC003BIO50B,,"Generico PIATTO LISCIO DIAM. 22 CM IN POLPA DI CELLULOSA BIODEGRADABILE E COMPOSTABILE - CONF. DA 500 PEZZI",1,0,visible,,"PIATTO LISCIO DIAM. 22 CM IN POLPA DI CELLULOSA BIODEGRADABILE E COMPOSTABILE - CONF. DA 500 PEZZI",,,taxable,,0,0,,0,0,,,,,0,,,,"Accessori e Strumenti",,,,,,,,,,,,0,,0613F8O6ZSZ,https://www.amazon.it/dp/B0FD3W66QH,,,,,,,,,,
1950,simple,SM0217/10,,"FORCHETTA SIAM QUALITY BIODEGRADABILE E COMPOSTABILE LUNGHEZZA 16,5 CM - CONFEZIONE DA 50 PEZZI",1,0,visible,,"FORCHETTA SIAM QUALITY BIODEGRADABILE E COMPOSTABILE LUNGHEZZA 16,5 CM - CONFEZIONE DA 50 PEZZI",,,taxable,,0,0,,0,0,,,,,0,,,,"Accessori e Strumenti",,,,,,,,,,,,0,,0507F2A5SDW,https://www.amazon.it/dp/B0F7RL5GDX,,,,,,,,,,
1951,simple,SM0217/11,,"Generico COLTELLI SIAM QUALITY BIODEGRADABILE E COMPOSTABILE LUNGHEZZA 16,5 CM - CONFEZIONE DA 50 PEZZI",1,0,visible,,"COLTELLI SIAM QUALITY BIODEGRADABILE E COMPOSTABILE LUNGHEZZA 16,5 CM - CONFEZIONE DA 50 PEZZI",,,taxable,,0,0,,0,0,,,,,0,,,,"Accessori e Strumenti",,,,,,,,,,,,0,,0508F50W7JT,https://www.amazon.it/dp/B0F7XM8SMF,,,,,,,,,,
1952,simple,VD11705,,"BIS DI POSATE BIANCHE IMBUSTATE CON TOVAGLIOLI 2 VELI - BIODEGRADABILI E COMPOSTABILI - CONFEZIONE DA 25 PEZZI",1,0,visible,,"BIS DI POSATE BIANCHE IMBUSTATE CON TOVAGLIOLI 2 VELI - BIODEGRADABILI E COMPOSTABILI - CONFEZIONE DA 25 PEZZI",,,taxable,,0,0,,0,0,,,,,0,,,,"Accessori e Strumenti",,,,,,,,,,,,0,,0612F47AJEG,https://www.amazon.it/dp/B0FCY3VFG7,,,,,,,,,,
1955,simple,FAN86005,,"Fanola Crema Colore per capelli 6/0 Fanola Crema Colore per capelli 6/0 – 100 ML",1,0,visible,,,,,taxable,,1,12,,0,0,,,,,0,,,,Fanola,,,,,,,,,,,,0,,0424HAIOMOI,https://www.amazon.it/dp/B00CGPL3R6,2,,,,,,,,,
1956,simple,FAN86007,,"FANOLA - Crema tintura per capelli, 100 ml, 8.0, biondo chiaro",1,0,visible,,,,,taxable,,1,24,,0,0,,,,,0,,,,Fanola,,,,,,,,,,,,0,,0424HAISKHR,https://www.amazon.it/dp/B00CGPJRIS,2,,,,,,,,,
1957,simple,FAN86017,,"FANOLA 8.04 - Crema colorante per capelli, biondo chiaro naturale, rame, 100 ml",1,0,visible,,,,,taxable,,1,10,,0,0,,,,,0,,,,Fanola,,,,,,,,,,,,0,,0424HAENNDZ,https://www.amazon.it/dp/B00CGPL9IE,2,,,,,,,,,
1958,simple,FAN86048,,"FANOLA - Crema colorante per capelli, 100 ml, 7.43 biondo rame dorato",1,0,visible,,,,,taxable,,1,8,,0,0,,,,,0,,,,Fanola,,,,,,,,,,,,0,,0424HAIRR95,https://www.amazon.it/dp/B00CGPL6T6,2,,,,,,,,,
1959,simple,FAN86060,,"Fanola Crema colorante Colouring Cream 6.6 Biondo scuro Rosso, 100 ml",1,0,visible,,,,,taxable,,0,0,,0,0,,,,,0,,,,Fanola,,,,,,,,,,,,0,,0424HA9IL4U,https://www.amazon.it/dp/B00CGPMABY,2,,,,,,,,,
1960,simple,FAN86063,,"FANOLA COLOR SUPERSCHIARENTI 11.1",1,0,visible,,,,,taxable,,0,0,,0,0,,,,,0,,,,Fanola,,,,,,,,,,,,0,,0424HAAL5DC,https://www.amazon.it/dp/B00CGPIR0C,2,,,,,,,,,
1961,simple,FAN86064,,"FANOLA - Crema tintura per capelli Fanola 100 ml 11.13 Super Blond Platino Beige",1,0,visible,,,,,taxable,,1,6,,0,0,,,,,0,,,,Fanola,,,,,,,,,,,,0,,0424HAAJ0BI,https://www.amazon.it/dp/B00CGPP2IW,2,,,,,,,,,
1962,simple,FAN86086,,"D´Shila Plasters and bandages-Protect fingers - 250 gr",1,0,visible,,,,,taxable,,0,0,,0,0,,,,,0,,,,Fanola,,,,,,,,,,,,0,,0424HAIUK7I,https://www.amazon.it/dp/B00CGPLSH6,2,,,,,,,,,
1963,simple,FAN86304,,"Fanola Hair Color 100 ml variante di Fanola Hair Color 2 7.11 biondo medio intenso cenere",1,0,visible,,,,,taxable,,1,6,,0,0,,,,,0,,,,Fanola,,,,,,,,,,,,0,,0430H1Z1YNL,https://www.amazon.it/dp/B00PZ0P2OE,2,,,,,,,,,
1964,simple,FAN86324,,"FANOLA TINTURA 12.2",1,0,visible,,,,,taxable,,1,5,,0,0,,,,,0,,,,Fanola,,,,,,,,,,,,0,,0514HKK46CV,https://www.amazon.it/dp/B00PZ0QAY0,2,,,,,,,,,
1965,simple,FAN86432,,"TINTA ORO COLOR KERATING 100ML 10",1,0,visible,,,,,taxable,,1,12,,0,0,,,,,0,,,"11,80",Fanola,,,,,,,,,,,,0,,0423H6C1ZZ5,https://www.amazon.it/dp/B00GIMCZIY,2,,,,,,,,,
1966,simple,FAN86433,,"FANOLA TINTURA ORO THERAPY COLOR KERATIN SENZA AMMONIACA 4.2",1,0,visible,,,,,taxable,,0,0,,0,0,,,,,0,,,"11,80",Fanola,,,,,,,,,,,,0,,0423H6O3JMJ,https://www.amazon.it/dp/B00GIMD0TC,2,,,,,,,,,
1967,simple,FAN86463,,"FANOLA TINTURA ORO THERAPY COLOR KERATIN SENZA AMMONIACA 11.7",1,0,visible,,,,,taxable,,0,0,,0,0,,,,,0,,,"11,80",Fanola,,,,,,,,,,,,0,,0423H6I25LO,https://www.amazon.it/dp/B01EJZSOH2,2,,,,,,,,,
1968,simple,FAN96358,,"Fanola Tinte 8.2F Rubio claro violeta fantasía 100 mL - Tinte crema colorante permanente para el cabello pelo - Color uniforme y brillante - PROFESIONAL",1,0,visible,,,,,taxable,,0,0,,0,0,,,,,0,,,,Fanola,,,,,,,,,,,,0,,0424HAAMCM3,https://www.amazon.it/dp/B01N5I01EJ,2,,,,,,,,,
1969,simple,ITM1540N-S,,"SANITEC igiene sicura Bakterio Disinfettante per Ambienti al Profumo di Pino Balsamico",1,0,visible,,,,,taxable,,0,0,,0,0,,,,,0,,,"9,20","Accessori e Strumenti",,,,,,,,,,,,0,,0401F76XO2T,https://www.amazon.it/dp/B00NO1R50K,,,,,,,,,,
